Welcome to Sensorless ICM planner!
----------------------------------------------
Update SpaceConfig (apply belt_width -> [range]) -> 0
Setting                     -> 1
Generate Path(RRT)          -> 2
Generate Path(Reverse RRT)  -> 3
Generate Path(RRT-Connect)  -> 4
Path Shortcut               -> 5
Debug                       -> 6
Calc Cluster                -> 7
Form Closure                -> 8
Optimization                -> 9
----------------------------------------------
>Seed value is 66801 (fixed)
-0.807928, 29.6078, -94.2918, 36.7738, -43.0694, -14.8872, 
0:8
[20,200,0],[25,190,0],[25,190,5],[25,195,0],[30,185,5],[20,200,360],[25,190,360],[25,195,360],

Select the cluster:1: [-0.982422, 28.9665, -93.5844, 36.9918, -43.1618, -14.8446]
[RevRRT::dfsconfig_valid] dist=0, threshold=6 -> PASSED
[RevRRT::plan] Node #1 ACCEPTED and added to tree
Max volume so far: 1000
2: [-1.1908, 28.6623, -93.0098, 36.8263, -42.5842, -14.4288]
[RevRRT::dfsconfig_valid] dist=12.2474, threshold=6 -> FAILED (dist > threshold)
3: [-0.920271, 28.7404, -93.434, 36.6863, -42.4479, -14.2795]
[RevRRT::dfsconfig_valid] dist=7.07107, threshold=6 -> FAILED (dist > threshold)
4: [-1.25974, 28.4861, -92.7962, 37.1536, -43.0594, -15.0301]
5: [-0.556847, 28.4729, -92.883, 36.9578, -43.422, -14.9646]
[RevRRT::dfsconfig_valid] dist=0, threshold=6 -> PASSED
[RevRRT::plan] Node #2 ACCEPTED and added to tree
Max volume so far: 1000
6: [-0.01935, 28.6396, -92.4188, 36.8199, -42.9167, -15.4046]
[RevRRT::dfsconfig_valid] dist=0, threshold=6 -> PASSED
[RevRRT::plan] Node #3 ACCEPTED and added to tree
Max volume so far: 2000
7: [-0.0244436, 28.4337, -92.0582, 36.2235, -42.2523, -15.5791]
[RevRRT::dfsconfig_valid] dist=5, threshold=6 -> PASSED
[RevRRT::plan] Node #4 ACCEPTED and added to tree
Max volume so far: 2000
8: [0.34097, 28.7189, -91.4637, 35.6428, -42.1488, -15.8685]
9: [-0.0571653, 28.3059, -91.3016, 35.8603, -42.0402, -16.062]
[RevRRT::dfsconfig_valid] dist=7.07107, threshold=6 -> FAILED (dist > threshold)
10: [-0.436939, 28.5774, -91.4642, 36.2324, -41.6372, -15.858]
11: [-0.638854, 28.0745, -91.576, 36.4314, -42.069, -16.0081]
12: [0.279531, 28.6244, -91.3005, 36.2397, -41.7077, -15.5895]
[RevRRT::dfsconfig_valid] dist=0, threshold=6 -> PASSED
[RevRRT::plan] Node #5 ACCEPTED and added to tree
Max volume so far: 2000
13: [0.167826, 28.2519, -90.8525, 36.0442, -41.0437, -15.1784]
[RevRRT::dfsconfig_valid] dist=5, threshold=6 -> PASSED
[RevRRT::plan] Node #6 ACCEPTED and added to tree
Max volume so far: 2000
14: [0.284169, 27.8987, -90.0714, 36.0439, -40.6135, -14.9205]
[RevRRT::dfsconfig_valid] dist=0, threshold=6 -> PASSED
[RevRRT::plan] Node #7 ACCEPTED and added to tree
Max volume so far: 2000
15: [0.0319001, 27.5615, -89.3713, 35.7227, -40.1376, -14.9744]
[RevRRT::dfsconfig_valid] dist=16.5831, threshold=6 -> FAILED (dist > threshold)
16: [0.146239, 27.609, -89.3068, 36.091, -40.1537, -15.2349]
[RevRRT::dfsconfig_valid] dist=12.2474, threshold=6 -> FAILED (dist > threshold)
17: [-0.658145, 27.6499, -89.9785, 36.0657, -40.4625, -14.7854]
18: [-0.143794, 27.9644, -89.2303, 35.8068, -40.6454, -14.7019]
19: [0.463225, 27.5934, -89.2288, 36.2492, -40.4349, -15.2217]
[RevRRT::dfsconfig_valid] dist=0, threshold=6 -> PASSED
[RevRRT::plan] Node #8 ACCEPTED and added to tree
Max volume so far: 2250
20: [0.555595, 27.5797, -88.5218, 36.5324, -39.8374, -14.9888]
[RevRRT::dfsconfig_valid] dist=0, threshold=6 -> PASSED
[RevRRT::plan] Node #9 ACCEPTED and added to tree
Max volume so far: 2875
21: [0.404722, 27.6533, -88.0699, 35.9324, -39.2308, -15.1879]
[RevRRT::dfsconfig_valid] dist=7.07107, threshold=6 -> FAILED (dist > threshold)
22: [0.682889, 27.1422, -88.2855, 35.9539, -39.2193, -14.8477]
[RevRRT::dfsconfig_valid] dist=7.07107, threshold=6 -> FAILED (dist > threshold)
23: [0.631067, 27.337, -87.5786, 36.6658, -39.6724, -14.96]
[RevRRT::dfsconfig_valid] dist=0, threshold=6 -> PASSED
[RevRRT::plan] Node #10 ACCEPTED and added to tree
Max volume so far: 3500
24: [0.454328, 27.1252, -87.1173, 36.9295, -39.1839, -14.3251]
[RevRRT::dfsconfig_valid] dist=5, threshold=6 -> PASSED
[RevRRT::plan] Node #11 ACCEPTED and added to tree
Max volume so far: 4250
25: [0.332007, 26.653, -86.4787, 36.4258, -38.9704, -14.5595]
[RevRRT::dfsconfig_valid] dist=12.2474, threshold=6 -> FAILED (dist > threshold)
26: [0.172493, 27.3546, -86.2732, 36.9408, -39.0789, -13.9454]
[RevRRT::dfsconfig_valid] dist=8.66025, threshold=6 -> FAILED (dist > threshold)
27: [0.236928, 26.846, -86.3562, 36.7911, -38.6632, -14.3963]
[RevRRT::dfsconfig_valid] dist=8.66025, threshold=6 -> FAILED (dist > threshold)
28: [0.69653, 27.0648, -86.6031, 36.3381, -38.9453, -13.8088]
[RevRRT::dfsconfig_valid] dist=8.66025, threshold=6 -> FAILED (dist > threshold)
29: [0.055272, 27.453, -86.6932, 36.5447, -39.4736, -13.7581]
[RevRRT::dfsconfig_valid] dist=8.66025, threshold=6 -> FAILED (dist > threshold)
30: [0.641909, 26.8455, -86.681, 37.1739, -38.7296, -13.6694]
[RevRRT::dfsconfig_valid] dist=0, threshold=6 -> PASSED
[RevRRT::plan] Node #12 ACCEPTED and added to tree
Max volume so far: 6000
31: [1.15379, 26.434, -86.5224, 37.3447, -38.0266, -13.528]
[RevRRT::dfsconfig_valid] dist=0, threshold=6 -> PASSED
[RevRRT::plan] Node #13 ACCEPTED and added to tree
Max volume so far: 7875
32: [0.78288, 26.1323, -86.0515, 37.2394, -37.3679, -13.8517]
[RevRRT::dfsconfig_valid] dist=5, threshold=6 -> PASSED
[RevRRT::plan] Node #14 ACCEPTED and added to tree
Max volume so far: 7875
33: [0.71526, 25.5232, -85.3396, 37.2782, -37.2281, -14.1624]
[RevRRT::dfsconfig_valid] dist=8.66025, threshold=6 -> FAILED (dist > threshold)
34: [1.20734, 25.6156, -85.6281, 36.6815, -37.5861, -13.7308]
[RevRRT::dfsconfig_valid] dist=5, threshold=6 -> PASSED
[RevRRT::plan] Node #15 ACCEPTED and added to tree
Max volume so far: 7875
35: [1.08804, 25.1339, -85.1801, 36.1095, -37.8584, -14.1205]
[RevRRT::dfsconfig_valid] dist=12.2474, threshold=6 -> FAILED (dist > threshold)
36: [1.13441, 24.9992, -84.9067, 36.5839, -37.5276, -13.4452]
[RevRRT::dfsconfig_valid] dist=8.66025, threshold=6 -> FAILED (dist > threshold)
37: [1.33417, 25.4432, -85.1239, 36.0723, -37.8096, -13.2028]
[RevRRT::dfsconfig_valid] dist=7.07107, threshold=6 -> FAILED (dist > threshold)
38: [1.35786, 25.9107, -84.7842, 36.8053, -37.6907, -13.3411]
[RevRRT::dfsconfig_valid] dist=0, threshold=6 -> PASSED
[RevRRT::plan] Node #16 ACCEPTED and added to tree
Max volume so far: 7875
39: [1.10011, 24.8486, -85.646, 36.8877, -37.0156, -13.5517]
[RevRRT::dfsconfig_valid] dist=7.07107, threshold=6 -> FAILED (dist > threshold)
40: [1.6955, 25.8236, -84.1007, 36.4229, -37.2871, -13.0215]
[RevRRT::dfsconfig_valid] dist=7.07107, threshold=6 -> FAILED (dist > threshold)
41: [1.661, 25.4045, -84.0553, 36.6647, -37.7851, -13.6443]
[RevRRT::dfsconfig_valid] dist=5, threshold=6 -> PASSED
[RevRRT::plan] Node #17 ACCEPTED and added to tree
Max volume so far: 7875
42: [1.96026, 24.907, -84.0321, 36.652, -37.0032, -13.4188]
[RevRRT::dfsconfig_valid] dist=5, threshold=6 -> PASSED
[RevRRT::plan] Node #18 ACCEPTED and added to tree
Max volume so far: 9375
43: [2.07645, 24.7977, -83.4522, 35.934, -36.9116, -13.0806]
[RevRRT::dfsconfig_valid] dist=8.66025, threshold=6 -> FAILED (dist > threshold)
44: [2.44715, 25.1076, -83.7519, 36.2677, -37.2231, -12.7494]
[RevRRT::dfsconfig_valid] dist=7.07107, threshold=6 -> FAILED (dist > threshold)
45: [1.86808, 24.7359, -83.2711, 36.1874, -36.6513, -13.2103]
[RevRRT::dfsconfig_valid] dist=7.07107, threshold=6 -> FAILED (dist > threshold)
46: [2.27268, 24.3513, -83.8173, 36.1122, -37.2422, -12.9728]
[RevRRT::dfsconfig_valid] dist=7.07107, threshold=6 -> FAILED (dist > threshold)
47: [2.14123, 24.4042, -83.8318, 36.6672, -36.2996, -13.8421]
[RevRRT::dfsconfig_valid] dist=0, threshold=6 -> PASSED
[RevRRT::plan] Node #19 ACCEPTED and added to tree
Max volume so far: 10250
48: [-1.13222, 30.1332, -94.1562, 36.1215, -43.4861, -14.8503]
49: [2.14671, 24.1208, -83.067, 36.7586, -35.7553, -14.0154]
[RevRRT::dfsconfig_valid] dist=7.07107, threshold=6 -> FAILED (dist > threshold)
50: [1.86964, 24.397, -83.2245, 36.214, -35.8893, -13.4136]
[RevRRT::dfsconfig_valid] dist=7.07107, threshold=6 -> FAILED (dist > threshold)
51: [1.99849, 23.8797, -83.0465, 36.6029, -36.0141, -13.8885]
[RevRRT::dfsconfig_valid] dist=7.07107, threshold=6 -> FAILED (dist > threshold)
52: [2.20065, 23.9655, -83.1756, 36.0858, -36.1232, -13.7761]
[RevRRT::dfsconfig_valid] dist=7.07107, threshold=6 -> FAILED (dist > threshold)
53: [2.41988, 23.9009, -83.3518, 36.7864, -36.0246, -13.2515]
[RevRRT::dfsconfig_valid] dist=0, threshold=6 -> PASSED
[RevRRT::plan] Node #20 ACCEPTED and added to tree
Max volume so far: 10625
54: [2.68506, 23.0646, -82.9621, 37.0092, -36.0481, -13.0836]
[RevRRT::dfsconfig_valid] dist=0, threshold=6 -> PASSED
[RevRRT::plan] Node #21 ACCEPTED and added to tree
Max volume so far: 11875
55: [-0.357832, 26.8107, -86.7908, 37.1832, -39.4225, -14.4416]
[RevRRT::dfsconfig_valid] dist=17.3205, threshold=6 -> FAILED (dist > threshold)
56: [2.88754, 22.958, -82.5493, 36.3129, -35.7056, -13.5021]
[RevRRT::dfsconfig_valid] dist=8.66025, threshold=6 -> FAILED (dist > threshold)
57: [2.591, 23.0755, -82.2238, 36.7554, -35.4728, -13.3087]
[RevRRT::dfsconfig_valid] dist=5, threshold=6 -> PASSED
[RevRRT::plan] Node #22 ACCEPTED and added to tree
Max volume so far: 11875
58: [3.01572, 22.5063, -81.8452, 36.892, -34.8957, -13.3294]
[RevRRT::dfsconfig_valid] dist=0, threshold=6 -> PASSED
[RevRRT::plan] Node #23 ACCEPTED and added to tree
Max volume so far: 14125
59: [3.30952, 22.4428, -81.3586, 36.679, -34.195, -12.9599]
[RevRRT::dfsconfig_valid] dist=5, threshold=6 -> PASSED
[RevRRT::plan] Node #24 ACCEPTED and added to tree
Max volume so far: 16375
60: [2.89567, 21.8806, -80.7663, 36.6704, -34.2144, -12.558]
[RevRRT::dfsconfig_valid] dist=7.07107, threshold=6 -> FAILED (dist > threshold)
61: [0.258105, 26.5407, -85.616, 37.5172, -37.1252, -14.3334]
[RevRRT::dfsconfig_valid] dist=8.66025, threshold=6 -> FAILED (dist > threshold)
62: [3.80422, 22.7632, -81.2966, 36.1305, -34.1281, -12.3738]
[RevRRT::dfsconfig_valid] dist=7.07107, threshold=6 -> FAILED (dist > threshold)
63: [0.877054, 28.8006, -91.2341, 35.5465, -42.0559, -15.666]
[RevRRT::dfsconfig_valid] dist=8.66025, threshold=6 -> FAILED (dist > threshold)
64: [3.53249, 21.9663, -80.8903, 36.5237, -33.5327, -13.1629]
[RevRRT::dfsconfig_valid] dist=5, threshold=6 -> PASSED
[RevRRT::plan] Node #25 ACCEPTED and added to tree
Max volume so far: 16625
65: [3.89528, 21.5528, -80.5554, 36.1995, -33.9502, -13.716]
[RevRRT::dfsconfig_valid] dist=5, threshold=6 -> PASSED
[RevRRT::plan] Node #26 ACCEPTED and added to tree
Max volume so far: 16750
66: [3.30471, 21.3009, -80.925, 36.5541, -33.3321, -12.4826]
[RevRRT::dfsconfig_valid] dist=7.07107, threshold=6 -> FAILED (dist > threshold)
67: [3.58931, 21.3993, -79.7629, 35.8296, -34.1426, -13.4317]
[RevRRT::dfsconfig_valid] dist=11.1803, threshold=6 -> FAILED (dist > threshold)
68: [4.06622, 21.8374, -79.8307, 35.8173, -33.6319, -14.0582]
[RevRRT::dfsconfig_valid] dist=8.66025, threshold=6 -> FAILED (dist > threshold)
69: [3.70178, 22.4696, -80.3889, 35.9388, -33.2746, -12.922]
[RevRRT::dfsconfig_valid] dist=5, threshold=6 -> PASSED
[RevRRT::plan] Node #27 ACCEPTED and added to tree
Max volume so far: 16750
70: [3.88915, 22.08, -79.6384, 35.7224, -33.4435, -12.5043]
[RevRRT::dfsconfig_valid] dist=7.07107, threshold=6 -> FAILED (dist > threshold)
71: [3.67447, 22.2595, -79.9138, 36.3155, -32.8226, -12.3029]
[RevRRT::dfsconfig_valid] dist=5, threshold=6 -> PASSED
[RevRRT::plan] Node #28 ACCEPTED and added to tree
Max volume so far: 17875
72: [4.06463, 22.4599, -79.2503, 35.9697, -32.5628, -11.8785]
[RevRRT::dfsconfig_valid] dist=5, threshold=6 -> PASSED
[RevRRT::plan] Node #29 ACCEPTED and added to tree
Max volume so far: 20250
73: [0.616795, 27.5791, -87.0661, 36.2575, -40.069, -15.5553]
[RevRRT::dfsconfig_valid] dist=10, threshold=6 -> FAILED (dist > threshold)
74: [4.30381, 20.9761, -80.2447, 35.6426, -33.7258, -13.9246]
[RevRRT::dfsconfig_valid] dist=7.07107, threshold=6 -> FAILED (dist > threshold)
75: [4.4486, 22.6131, -78.4893, 35.6985, -32.8845, -11.6083]
[RevRRT::dfsconfig_valid] dist=7.07107, threshold=6 -> FAILED (dist > threshold)
76: [4.34064, 20.9606, -80.0352, 36.2832, -34.2055, -14.0448]
[RevRRT::dfsconfig_valid] dist=5, threshold=6 -> PASSED
[RevRRT::plan] Node #30 ACCEPTED and added to tree
Max volume so far: 20250
77: [4.26157, 22.2983, -78.6954, 36.2858, -31.8475, -11.7531]
[RevRRT::dfsconfig_valid] dist=0, threshold=6 -> PASSED
[RevRRT::plan] Node #31 ACCEPTED and added to tree
Max volume so far: 25875
78: [4.01377, 21.9759, -78.428, 35.6427, -31.4016, -11.365]
[RevRRT::dfsconfig_valid] dist=20.6155, threshold=6 -> FAILED (dist > threshold)
79: [3.87661, 22.334, -77.9033, 36.0606, -31.875, -11.3388]
[RevRRT::dfsconfig_valid] dist=11.1803, threshold=6 -> FAILED (dist > threshold)
80: [4.5288, 22.0436, -77.9157, 36.1095, -31.5967, -12.1551]
[RevRRT::dfsconfig_valid] dist=5, threshold=6 -> PASSED
[RevRRT::plan] Node #32 ACCEPTED and added to tree
Max volume so far: 25875
81: [4.6751, 21.6271, -77.5287, 35.872, -31.9032, -11.4444]
[RevRRT::dfsconfig_valid] dist=11.1803, threshold=6 -> FAILED (dist > threshold)
82: [4.80717, 21.486, -77.4706, 35.98, -31.1115, -12.5567]
[RevRRT::dfsconfig_valid] dist=5, threshold=6 -> PASSED
[RevRRT::plan] Node #33 ACCEPTED and added to tree
Max volume so far: 27625
83: [4.17692, 22.3178, -77.1278, 36.3035, -31.8881, -11.9149]
[RevRRT::dfsconfig_valid] dist=5, threshold=6 -> PASSED
[RevRRT::plan] Node #34 ACCEPTED and added to tree
Max volume so far: 27625
84: [4.99742, 21.4509, -76.7436, 35.3584, -30.9379, -12.424]
[RevRRT::dfsconfig_valid] dist=20.6155, threshold=6 -> FAILED (dist > threshold)
85: [5.47507, 21.5555, -77.5495, 35.6193, -30.4814, -12.4313]
[RevRRT::dfsconfig_valid] dist=5, threshold=6 -> PASSED
[RevRRT::plan] Node #35 ACCEPTED and added to tree
Max volume so far: 33250
86: [3.65629, 22.5076, -76.7854, 35.9314, -31.8747, -11.2538]
[RevRRT::dfsconfig_valid] dist=12.2474, threshold=6 -> FAILED (dist > threshold)
87: [3.98431, 20.7987, -79.8359, 35.4408, -34.4768, -14.1993]
[RevRRT::dfsconfig_valid] dist=15.8114, threshold=6 -> FAILED (dist > threshold)
88: [5.16891, 21.6398, -76.8987, 35.0731, -30.1869, -12.7322]
[RevRRT::dfsconfig_valid] dist=12.2474, threshold=6 -> FAILED (dist > threshold)
89: [3.94019, 21.9485, -76.3027, 36.1837, -31.8058, -11.5899]
[RevRRT::dfsconfig_valid] dist=7.07107, threshold=6 -> FAILED (dist > threshold)
90: [3.79144, 22.4781, -76.3282, 36.2476, -31.4683, -11.8313]
[RevRRT::dfsconfig_valid] dist=7.07107, threshold=6 -> FAILED (dist > threshold)
91: [3.7291, 22.5623, -76.3203, 36.0548, -31.9955, -11.7954]
[RevRRT::dfsconfig_valid] dist=12.2474, threshold=6 -> FAILED (dist > threshold)
92: [-0.884577, 29.9943, -94.2294, 35.9558, -43.4073, -14.6474]
93: [4.01231, 22.4397, -76.1785, 36.0913, -31.8501, -12.0166]
[RevRRT::dfsconfig_valid] dist=11.1803, threshold=6 -> FAILED (dist > threshold)
94: [4.44441, 22.4076, -77.0175, 35.8891, -31.9395, -11.0582]
[RevRRT::dfsconfig_valid] dist=11.1803, threshold=6 -> FAILED (dist > threshold)
95: [4.23192, 22.6128, -76.4271, 35.9882, -31.6424, -11.4058]
[RevRRT::dfsconfig_valid] dist=8.66025, threshold=6 -> FAILED (dist > threshold)
96: [4.6452, 21.0628, -76.8162, 35.407, -31.3055, -12.5328]
[RevRRT::dfsconfig_valid] dist=25.4951, threshold=6 -> FAILED (dist > threshold)
97: [4.27142, 22.261, -76.4142, 35.7698, -32.0694, -11.5136]
[RevRRT::dfsconfig_valid] dist=11.1803, threshold=6 -> FAILED (dist > threshold)
98: [0.194116, 26.7219, -86.0225, 37.5897, -36.9451, -13.9103]
[RevRRT::dfsconfig_valid] dist=8.66025, threshold=6 -> FAILED (dist > threshold)
99: [2.30983, 22.4679, -82.912, 37.2694, -36.3248, -12.4867]
[RevRRT::dfsconfig_valid] dist=7.07107, threshold=6 -> FAILED (dist > threshold)
100: [5.89697, 21.6477, -77.4017, 34.8676, -30.2244, -12.0306]
[RevRRT::dfsconfig_valid] dist=25.4951, threshold=6 -> FAILED (dist > threshold)
101: [3.7272, 22.5656, -76.3542, 36.3818, -31.774, -12.2594]
[RevRRT::dfsconfig_valid] dist=7.07107, threshold=6 -> FAILED (dist > threshold)
102: [5.84691, 21.3782, -77.5428, 35.3072, -29.7812, -11.9388]
[RevRRT::dfsconfig_valid] dist=5, threshold=6 -> PASSED
[RevRRT::plan] Node #36 ACCEPTED and added to tree
Max volume so far: 36875
103: [6.2735, 20.9568, -76.8609, 35.5911, -29.9755, -11.6998]
[RevRRT::dfsconfig_valid] dist=0, threshold=6 -> PASSED
[RevRRT::plan] Node #37 ACCEPTED and added to tree
Max volume so far: 44750
104: [5.53661, 21.7906, -77.179, 34.8655, -29.1439, -11.9313]
[RevRRT::dfsconfig_valid] dist=7.07107, threshold=6 -> FAILED (dist > threshold)
105: [6.43128, 20.3386, -76.2368, 35.7867, -30.1485, -12.0675]
[RevRRT::dfsconfig_valid] dist=0, threshold=6 -> PASSED
[RevRRT::plan] Node #38 ACCEPTED and added to tree
Max volume so far: 47625
106: [6.53493, 19.7937, -76.3114, 36.2008, -29.9717, -11.3719]
[RevRRT::dfsconfig_valid] dist=5, threshold=6 -> PASSED
[RevRRT::plan] Node #39 ACCEPTED and added to tree
Max volume so far: 56500
107: [6.40053, 20.3432, -75.7425, 34.9626, -30.3556, -11.8867]
[RevRRT::dfsconfig_valid] dist=11.1803, threshold=6 -> FAILED (dist > threshold)
108: [6.67047, 19.3185, -75.6528, 36.2761, -29.41, -11.3415]
[RevRRT::dfsconfig_valid] dist=5, threshold=6 -> PASSED
[RevRRT::plan] Node #40 ACCEPTED and added to tree
Max volume so far: 62125
109: [3.93931, 22.6404, -76.4202, 36.4041, -32.2948, -11.5107]
[RevRRT::dfsconfig_valid] dist=7.07107, threshold=6 -> FAILED (dist > threshold)
110: [6.79167, 18.9403, -74.9464, 35.7476, -29.6457, -11.4335]
[RevRRT::dfsconfig_valid] dist=20.6155, threshold=6 -> FAILED (dist > threshold)
111: [6.44072, 18.7866, -75.7206, 36.4699, -28.9935, -10.6717]
[RevRRT::dfsconfig_valid] dist=7.07107, threshold=6 -> FAILED (dist > threshold)
112: [6.28645, 18.7438, -75.0328, 36.2884, -29.5859, -11.6682]
[RevRRT::dfsconfig_valid] dist=11.1803, threshold=6 -> FAILED (dist > threshold)
113: [7.08664, 18.8021, -75.3333, 36.0389, -29.8068, -10.8472]
[RevRRT::dfsconfig_valid] dist=10, threshold=6 -> FAILED (dist > threshold)
114: [6.64619, 19.2753, -74.8801, 35.942, -29.0128, -11.7036]
[RevRRT::dfsconfig_valid] dist=5, threshold=6 -> PASSED
[RevRRT::plan] Node #41 ACCEPTED and added to tree
Max volume so far: 62125
115: [7.00257, 19.0966, -74.2767, 35.4342, -29.2284, -11.288]
[RevRRT::dfsconfig_valid] dist=22.9129, threshold=6 -> FAILED (dist > threshold)
116: [7.08987, 19.6267, -74.3259, 36.2324, -28.5334, -11.9451]
[RevRRT::dfsconfig_valid] dist=0, threshold=6 -> PASSED
[RevRRT::plan] Node #42 ACCEPTED and added to tree
Max volume so far: 74625
117: [7.48816, 19.4572, -73.4832, 36.4703, -28.7326, -11.8657]
118: [6.73579, 19.8626, -73.7099, 36.311, -28.0536, -11.4944]
119: [7.87284, 19.315, -74.4748, 36.5021, -28.7127, -12.3486]
[RevRRT::dfsconfig_valid] dist=0, threshold=6 -> PASSED
[RevRRT::plan] Node #43 ACCEPTED and added to tree
Max volume so far: 91875
120: [5.60764, 21.4321, -77.5178, 34.584, -29.2243, -12.2644]
[RevRRT::dfsconfig_valid] dist=35.3553, threshold=6 -> FAILED (dist > threshold)
121: [-0.0239648, 28.5623, -91.7045, 35.6119, -42.835, -15.9595]
122: [7.30594, 19.4692, -73.6344, 35.5643, -28.5076, -12.0024]
[RevRRT::dfsconfig_valid] dist=7.07107, threshold=6 -> FAILED (dist > threshold)
123: [7.12354, 20.1121, -74.0303, 35.7913, -27.9519, -11.5667]
[RevRRT::dfsconfig_valid] dist=7.07107, threshold=6 -> FAILED (dist > threshold)
124: [6.96666, 19.1484, -73.8439, 36.4073, -27.9489, -11.5559]
125: [6.64614, 19.7765, -73.9092, 35.714, -27.9792, -12.1216]
[RevRRT::dfsconfig_valid] dist=7.07107, threshold=6 -> FAILED (dist > threshold)
126: [3.97623, 22.6144, -76.6592, 36.6155, -31.8353, -11.1719]
[RevRRT::dfsconfig_valid] dist=5, threshold=6 -> PASSED
[RevRRT::plan] Node #44 ACCEPTED and added to tree
Max volume so far: 91875
127: [8.14116, 19.2426, -73.8766, 36.052, -28.2111, -12.6814]
[RevRRT::dfsconfig_valid] dist=5, threshold=6 -> PASSED
[RevRRT::plan] Node #45 ACCEPTED and added to tree
Max volume so far: 91875
128: [3.94464, 20.2221, -79.8478, 36.0561, -34.6432, -14.1847]
[RevRRT::dfsconfig_valid] dist=15.8114, threshold=6 -> FAILED (dist > threshold)
129: [8.32741, 19.0733, -73.4579, 35.5741, -27.6805, -12.1801]
[RevRRT::dfsconfig_valid] dist=5, threshold=6 -> PASSED
[RevRRT::plan] Node #46 ACCEPTED and added to tree
Max volume so far: 91875
130: [3.54129, 22.9188, -76.0751, 36.5272, -32.078, -10.6149]
[RevRRT::dfsconfig_valid] dist=11.1803, threshold=6 -> FAILED (dist > threshold)
131: [8.11528, 19.4138, -72.7506, 35.0764, -27.7108, -12.4803]
[RevRRT::dfsconfig_valid] dist=7.07107, threshold=6 -> FAILED (dist > threshold)
132: [8.40051, 18.5995, -72.9736, 35.0718, -27.226, -11.9031]
[RevRRT::dfsconfig_valid] dist=5, threshold=6 -> PASSED
[RevRRT::plan] Node #47 ACCEPTED and added to tree
Max volume so far: 91875
133: [8.18241, 18.2397, -72.1898, 35.2875, -27.3354, -12.2905]
[RevRRT::dfsconfig_valid] dist=7.07107, threshold=6 -> FAILED (dist > threshold)
134: [8.16317, 18.8848, -72.2531, 34.6246, -26.9414, -11.6537]
[RevRRT::dfsconfig_valid] dist=7.07107, threshold=6 -> FAILED (dist > threshold)
135: [3.36109, 22.8408, -76.6476, 36.5413, -31.1302, -10.912]
[RevRRT::dfsconfig_valid] dist=10, threshold=6 -> FAILED (dist > threshold)
136: [7.84169, 18.6823, -72.436, 35.2197, -26.625, -11.9964]
[RevRRT::dfsconfig_valid] dist=7.07107, threshold=6 -> FAILED (dist > threshold)
137: [4.12126, 20.7697, -79.3769, 36.0406, -34.7772, -14.3553]
[RevRRT::dfsconfig_valid] dist=12.2474, threshold=6 -> FAILED (dist > threshold)
138: [8.22354, 18.8037, -72.1381, 35.1642, -26.837, -12.1658]
[RevRRT::dfsconfig_valid] dist=7.07107, threshold=6 -> FAILED (dist > threshold)
139: [8.05116, 18.4451, -72.4243, 34.4629, -26.8712, -12.1392]
[RevRRT::dfsconfig_valid] dist=7.07107, threshold=6 -> FAILED (dist > threshold)
140: [4.03178, 20.0957, -80.0755, 36.6468, -34.3256, -14.136]
[RevRRT::dfsconfig_valid] dist=8.66025, threshold=6 -> FAILED (dist > threshold)
141: [6.67331, 18.8333, -75.6989, 36.0755, -29.7511, -10.5632]
[RevRRT::dfsconfig_valid] dist=11.1803, threshold=6 -> FAILED (dist > threshold)
142: [8.74077, 18.0608, -72.2347, 35.1161, -27.0116, -11.9135]
[RevRRT::dfsconfig_valid] dist=0, threshold=6 -> PASSED
[RevRRT::plan] Node #48 ACCEPTED and added to tree
Max volume so far: 91875
143: [-0.540743, 28.6888, -90.5041, 35.6292, -41.1572, -15.1526]
144: [8.82417, 17.7002, -71.6054, 34.888, -27.6509, -11.8347]
[RevRRT::dfsconfig_valid] dist=8.66025, threshold=6 -> FAILED (dist > threshold)
145: [9.09015, 17.8665, -71.6181, 34.674, -27.0249, -11.3993]
[RevRRT::dfsconfig_valid] dist=5, threshold=6 -> PASSED
[RevRRT::plan] Node #49 ACCEPTED and added to tree
Max volume so far: 91875
146: [9.27077, 17.5567, -71.0252, 34.7473, -26.3711, -11.6944]
[RevRRT::dfsconfig_valid] dist=0, threshold=6 -> PASSED
[RevRRT::plan] Node #50 ACCEPTED and added to tree
Max volume so far: 94500
147: [3.38085, 22.9418, -76.487, 36.3386, -31.4426, -10.6448]
[RevRRT::dfsconfig_valid] dist=15.8114, threshold=6 -> FAILED (dist > threshold)
148: [9.65727, 17.0203, -70.9496, 34.2476, -25.8195, -11.7499]
[RevRRT::dfsconfig_valid] dist=5, threshold=6 -> PASSED
[RevRRT::plan] Node #51 ACCEPTED and added to tree
Max volume so far: 94500
149: [0.955948, 25.1797, -83.6566, 36.2251, -38.0879, -13.736]
150: [10.1884, 16.7134, -70.7029, 34.6715, -25.2587, -11.4879]
[RevRRT::dfsconfig_valid] dist=0, threshold=6 -> PASSED
[RevRRT::plan] Node #52 ACCEPTED and added to tree
Max volume so far: 115250
151: [8.75222, 17.2246, -70.4776, 35.1184, -26.7145, -11.9502]
[RevRRT::dfsconfig_valid] dist=7.07107, threshold=6 -> FAILED (dist > threshold)
152: [3.35516, 22.8321, -75.9485, 36.6338, -31.8596, -10.9251]
[RevRRT::dfsconfig_valid] dist=10, threshold=6 -> FAILED (dist > threshold)
153: [10.1166, 16.3499, -70.6929, 34.0726, -24.6917, -11.9151]
[RevRRT::dfsconfig_valid] dist=5, threshold=6 -> PASSED
[RevRRT::plan] Node #53 ACCEPTED and added to tree
Max volume so far: 115250
154: [10.4466, 16.6475, -69.9753, 33.7195, -24.3001, -11.8172]
[RevRRT::dfsconfig_valid] dist=5, threshold=6 -> PASSED
[RevRRT::plan] Node #54 ACCEPTED and added to tree
Max volume so far: 115250
155: [10.0222, 16.3047, -69.2426, 33.4151, -24.4782, -11.6143]
[RevRRT::dfsconfig_valid] dist=5, threshold=6 -> PASSED
[RevRRT::plan] Node #55 ACCEPTED and added to tree
Max volume so far: 115250
156: [9.81923, 16.7153, -68.6759, 33.5642, -23.9242, -11.2404]
[RevRRT::dfsconfig_valid] dist=5, threshold=6 -> PASSED
[RevRRT::plan] Node #56 ACCEPTED and added to tree
Max volume so far: 115250
157: [9.35306, 16.4355, -68.2893, 33.0151, -24.2623, -10.8675]
[RevRRT::dfsconfig_valid] dist=5, threshold=6 -> PASSED
[RevRRT::plan] Node #57 ACCEPTED and added to tree
Max volume so far: 115250
158: [9.64458, 16.9819, -67.7373, 32.5348, -23.9815, -10.915]
[RevRRT::dfsconfig_valid] dist=12.2474, threshold=6 -> FAILED (dist > threshold)
159: [9.1379, 16.3595, -67.4494, 32.6359, -24.4202, -10.5958]
[RevRRT::dfsconfig_valid] dist=12.2474, threshold=6 -> FAILED (dist > threshold)
160: [9.16732, 16.1367, -67.4937, 32.6299, -23.9587, -10.815]
[RevRRT::dfsconfig_valid] dist=7.07107, threshold=6 -> FAILED (dist > threshold)
161: [9.1405, 16.2683, -67.73, 33.675, -24.3867, -10.4637]
[RevRRT::dfsconfig_valid] dist=7.07107, threshold=6 -> FAILED (dist > threshold)
162: [9.5238, 16.7152, -67.4237, 33.0092, -24.6409, -10.8625]
[RevRRT::dfsconfig_valid] dist=5, threshold=6 -> PASSED
[RevRRT::plan] Node #58 ACCEPTED and added to tree
Max volume so far: 115250
163: [9.91942, 16.3353, -66.6469, 33.2426, -24.438, -10.8576]
[RevRRT::dfsconfig_valid] dist=0, threshold=6 -> PASSED
[RevRRT::plan] Node #59 ACCEPTED and added to tree
Max volume so far: 115250
164: [9.59521, 16.0671, -66.2509, 32.51, -24.6341, -10.556]
[RevRRT::dfsconfig_valid] dist=12.2474, threshold=6 -> FAILED (dist > threshold)
165: [9.10669, 16.7174, -66.9918, 32.222, -24.6204, -10.7233]
[RevRRT::dfsconfig_valid] dist=12.2474, threshold=6 -> FAILED (dist > threshold)
166: [10.5331, 17.0309, -70.0842, 34.229, -23.555, -11.9547]
[RevRRT::dfsconfig_valid] dist=0, threshold=6 -> PASSED
[RevRRT::plan] Node #60 ACCEPTED and added to tree
Max volume so far: 126750
167: [0.434057, 28.3018, -89.8202, 35.2518, -40.7942, -14.6175]
168: [9.79619, 16.2261, -66.2959, 32.7182, -24.3367, -10.1064]
[RevRRT::dfsconfig_valid] dist=5, threshold=6 -> PASSED
[RevRRT::plan] Node #61 ACCEPTED and added to tree
Max volume so far: 126750
169: [9.46109, 16.3991, -65.5902, 32.7261, -24.372, -9.50772]
[RevRRT::dfsconfig_valid] dist=5, threshold=6 -> PASSED
[RevRRT::plan] Node #62 ACCEPTED and added to tree
Max volume so far: 126750
170: [9.23324, 16.3966, -65.1053, 32.2279, -23.9822, -8.94838]
[RevRRT::dfsconfig_valid] dist=7.07107, threshold=6 -> FAILED (dist > threshold)
171: [8.57824, 19.5638, -73.6273, 36.2916, -28.4282, -13.4157]
[RevRRT::dfsconfig_valid] dist=5, threshold=6 -> PASSED
[RevRRT::plan] Node #63 ACCEPTED and added to tree
Max volume so far: 126750
172: [-1.5071, 30.033, -94.1681, 37.0769, -42.8763, -14.456]
[RevRRT::dfsconfig_valid] dist=7.07107, threshold=6 -> FAILED (dist > threshold)
173: [9.38445, 15.7539, -65.595, 33.1208, -23.7746, -9.25262]
[RevRRT::dfsconfig_valid] dist=5, threshold=6 -> PASSED
[RevRRT::plan] Node #64 ACCEPTED and added to tree
Max volume so far: 126750
174: [3.67546, 22.9059, -75.9378, 36.9186, -32.1256, -11.5296]
[RevRRT::dfsconfig_valid] dist=7.07107, threshold=6 -> FAILED (dist > threshold)
175: [9.09461, 15.3231, -65.5876, 32.5863, -23.1824, -9.55935]
[RevRRT::dfsconfig_valid] dist=7.07107, threshold=6 -> FAILED (dist > threshold)
176: [10.1995, 15.9742, -66.3619, 31.8788, -24.5237, -10.2799]
[RevRRT::dfsconfig_valid] dist=20.6155, threshold=6 -> FAILED (dist > threshold)
177: [8.92621, 16.0439, -65.0778, 33.0393, -23.4237, -8.69701]
[RevRRT::dfsconfig_valid] dist=7.07107, threshold=6 -> FAILED (dist > threshold)
178: [4.69904, 21.1037, -79.5423, 36.5516, -34.9285, -14.1609]
[RevRRT::dfsconfig_valid] dist=5, threshold=6 -> PASSED
[RevRRT::plan] Node #65 ACCEPTED and added to tree
Max volume so far: 126750
179: [9.21166, 15.4029, -65.0026, 32.5806, -23.462, -8.92638]
[RevRRT::dfsconfig_valid] dist=7.07107, threshold=6 -> FAILED (dist > threshold)
180: [9.56439, 15.1375, -64.9727, 33.3096, -23.5514, -8.91367]
[RevRRT::dfsconfig_valid] dist=5, threshold=6 -> PASSED
[RevRRT::plan] Node #66 ACCEPTED and added to tree
Max volume so far: 126750
181: [9.05197, 14.896, -64.43, 32.744, -23.4376, -9.14104]
[RevRRT::dfsconfig_valid] dist=7.07107, threshold=6 -> FAILED (dist > threshold)
182: [3.83359, 20.3911, -79.9651, 35.6904, -34.4194, -14.1736]
[RevRRT::dfsconfig_valid] dist=15.8114, threshold=6 -> FAILED (dist > threshold)
183: [9.41885, 16.6983, -65.0922, 31.9997, -24.0087, -9.54078]
[RevRRT::dfsconfig_valid] dist=12.2474, threshold=6 -> FAILED (dist > threshold)
184: [9.67326, 14.8851, -64.2112, 33.5016, -24.0817, -9.07644]
[RevRRT::dfsconfig_valid] dist=7.07107, threshold=6 -> FAILED (dist > threshold)
185: [9.15618, 15.2305, -64.362, 32.8624, -23.0496, -8.92297]
[RevRRT::dfsconfig_valid] dist=7.07107, threshold=6 -> FAILED (dist > threshold)
186: [9.92777, 14.5682, -64.7858, 33.55, -22.9931, -8.54005]
[RevRRT::dfsconfig_valid] dist=0, threshold=6 -> PASSED
[RevRRT::plan] Node #67 ACCEPTED and added to tree
Max volume so far: 126750
187: [3.30919, 22.9469, -76.382, 36.6579, -31.7692, -10.5706]
[RevRRT::dfsconfig_valid] dist=10, threshold=6 -> FAILED (dist > threshold)
188: [9.34006, 16.89, -64.9285, 33.0882, -24.7283, -9.28738]
[RevRRT::dfsconfig_valid] dist=5, threshold=6 -> PASSED
[RevRRT::plan] Node #68 ACCEPTED and added to tree
Max volume so far: 126750
189: [9.542, 13.9691, -64.2599, 33.1395, -22.7764, -8.52553]
[RevRRT::dfsconfig_valid] dist=8.66025, threshold=6 -> FAILED (dist > threshold)
190: [9.56203, 14.526, -64.2346, 32.9104, -22.6462, -8.36311]
[RevRRT::dfsconfig_valid] dist=7.07107, threshold=6 -> FAILED (dist > threshold)
191: [9.36078, 17.2756, -64.3175, 33.2689, -24.2373, -9.73869]
[RevRRT::dfsconfig_valid] dist=0, threshold=6 -> PASSED
[RevRRT::plan] Node #69 ACCEPTED and added to tree
Max volume so far: 126750
192: [8.83633, 17.1138, -63.5855, 33.3445, -23.9569, -10.0192]
[RevRRT::dfsconfig_valid] dist=7.07107, threshold=6 -> FAILED (dist > threshold)
193: [9.89583, 13.8643, -64.2102, 33.3341, -22.8631, -8.2104]
[RevRRT::dfsconfig_valid] dist=5, threshold=6 -> PASSED
[RevRRT::plan] Node #70 ACCEPTED and added to tree
Max volume so far: 126750
194: [9.38559, 17.4613, -63.5834, 32.6313, -24.3696, -9.78286]
[RevRRT::dfsconfig_valid] dist=7.07107, threshold=6 -> FAILED (dist > threshold)
195: [10.5529, 13.6781, -63.7771, 33.1248, -23.3986, -8.08658]
[RevRRT::dfsconfig_valid] dist=5, threshold=6 -> PASSED
[RevRRT::plan] Node #71 ACCEPTED and added to tree
Max volume so far: 126750
196: [9.56045, 13.9123, -63.5185, 33.0534, -22.3717, -7.9161]
[RevRRT::dfsconfig_valid] dist=5, threshold=6 -> PASSED
[RevRRT::plan] Node #72 ACCEPTED and added to tree
Max volume so far: 126750
197: [9.28707, 13.7582, -62.7079, 33.0041, -21.9207, -8.11229]
[RevRRT::dfsconfig_valid] dist=7.07107, threshold=6 -> FAILED (dist > threshold)
198: [9.26694, 13.5117, -62.6945, 33.2136, -22.5546, -8.04005]
[RevRRT::dfsconfig_valid] dist=7.07107, threshold=6 -> FAILED (dist > threshold)
199: [9.89882, 17.5294, -63.7233, 32.792, -24.367, -9.9598]
[RevRRT::dfsconfig_valid] dist=7.07107, threshold=6 -> FAILED (dist > threshold)
200: [8.92448, 13.2918, -63.4195, 32.8835, -22.6224, -8.24636]
[RevRRT::dfsconfig_valid] dist=12.2474, threshold=6 -> FAILED (dist > threshold)
201: [9.36911, 17.3936, -64.5143, 32.7706, -25.037, -8.6727]
[RevRRT::dfsconfig_valid] dist=5, threshold=6 -> PASSED
[RevRRT::plan] Node #73 ACCEPTED and added to tree
Max volume so far: 126750
202: [9.81324, 13.294, -62.9089, 32.8156, -22.0319, -8.01665]
[RevRRT::dfsconfig_valid] dist=5, threshold=6 -> PASSED
[RevRRT::plan] Node #74 ACCEPTED and added to tree
Max volume so far: 126750
203: [-0.171898, 27.0123, -89.1418, 35.9803, -40.5127, -15.6377]
204: [9.59353, 12.7703, -62.4199, 33.2594, -21.8183, -7.57416]
[RevRRT::dfsconfig_valid] dist=5, threshold=6 -> PASSED
[RevRRT::plan] Node #75 ACCEPTED and added to tree
Max volume so far: 126750
205: [9.88281, 12.9935, -61.9555, 33.6715, -21.2121, -7.23728]
[RevRRT::dfsconfig_valid] dist=0, threshold=6 -> PASSED
[RevRRT::plan] Node #76 ACCEPTED and added to tree
Max volume so far: 126750
206: [9.53257, 12.7398, -61.6157, 33.0039, -20.7737, -6.99309]
[RevRRT::dfsconfig_valid] dist=5, threshold=6 -> PASSED
[RevRRT::plan] Node #77 ACCEPTED and added to tree
Max volume so far: 126750
207: [9.91641, 12.8039, -61.5479, 32.5633, -20.4994, -6.23505]
[RevRRT::dfsconfig_valid] dist=5, threshold=6 -> PASSED
[RevRRT::plan] Node #78 ACCEPTED and added to tree
Max volume so far: 126750
208: [9.59431, 13.0456, -61.3926, 32.1422, -19.9838, -5.62626]
[RevRRT::dfsconfig_valid] dist=5, threshold=6 -> PASSED
[RevRRT::plan] Node #79 ACCEPTED and added to tree
Max volume so far: 126750
209: [9.60862, 12.6826, -60.8551, 31.4755, -19.6688, -5.43822]
[RevRRT::dfsconfig_valid] dist=12.2474, threshold=6 -> FAILED (dist > threshold)
210: [9.10486, 12.7491, -61.0532, 32.2, -19.2537, -5.48191]
[RevRRT::dfsconfig_valid] dist=7.07107, threshold=6 -> FAILED (dist > threshold)
211: [9.19339, 12.5199, -61.3262, 32.3666, -20.6546, -7.56972]
[RevRRT::dfsconfig_valid] dist=12.2474, threshold=6 -> FAILED (dist > threshold)
212: [3.92021, 22.7325, -76.3258, 36.6068, -32.373, -10.4086]
[RevRRT::dfsconfig_valid] dist=11.1803, threshold=6 -> FAILED (dist > threshold)
213: [9.05228, 12.5702, -60.8685, 32.6721, -20.981, -7.16406]
[RevRRT::dfsconfig_valid] dist=11.1803, threshold=6 -> FAILED (dist > threshold)
214: [9.74339, 17.4896, -63.7025, 32.8427, -24.461, -10.1836]
[RevRRT::dfsconfig_valid] dist=7.07107, threshold=6 -> FAILED (dist > threshold)
215: [3.42585, 23.0506, -76.6959, 36.8453, -31.3891, -10.6683]
[RevRRT::dfsconfig_valid] dist=10, threshold=6 -> FAILED (dist > threshold)
216: [9.32109, 12.6343, -61.3837, 33.1315, -19.9607, -7.45477]
[RevRRT::dfsconfig_valid] dist=5, threshold=6 -> PASSED
[RevRRT::plan] Node #80 ACCEPTED and added to tree
Max volume so far: 126750
217: [9.4009, 12.8171, -60.6949, 31.5003, -19.8807, -5.65546]
[RevRRT::dfsconfig_valid] dist=12.2474, threshold=6 -> FAILED (dist > threshold)
218: [9.21968, 12.9897, -60.6482, 31.6035, -20.0891, -5.65948]
[RevRRT::dfsconfig_valid] dist=12.2474, threshold=6 -> FAILED (dist > threshold)
219: [9.46994, 12.3194, -61.3974, 31.7822, -19.8165, -5.07892]
[RevRRT::dfsconfig_valid] dist=7.07107, threshold=6 -> FAILED (dist > threshold)
220: [9.19828, 12.6113, -60.8528, 32.0602, -19.5454, -5.22104]
[RevRRT::dfsconfig_valid] dist=11.1803, threshold=6 -> FAILED (dist > threshold)
221: [9.46781, 13.2717, -60.6756, 31.6683, -20.3234, -5.34529]
[RevRRT::dfsconfig_valid] dist=12.2474, threshold=6 -> FAILED (dist > threshold)
222: [9.11723, 12.4286, -60.9348, 32.6352, -19.4348, -7.89248]
[RevRRT::dfsconfig_valid] dist=11.1803, threshold=6 -> FAILED (dist > threshold)
223: [9.78918, 11.959, -62.608, 33.7049, -21.9845, -7.77913]
[RevRRT::dfsconfig_valid] dist=5, threshold=6 -> PASSED
[RevRRT::plan] Node #81 ACCEPTED and added to tree
Max volume so far: 126750
224: [10.2367, 12.4008, -61.2791, 31.8238, -20.8222, -6.34224]
[RevRRT::dfsconfig_valid] dist=12.2474, threshold=6 -> FAILED (dist > threshold)
225: [9.12994, 13.1303, -60.9197, 31.9703, -20.3675, -5.01241]
[RevRRT::dfsconfig_valid] dist=12.2474, threshold=6 -> FAILED (dist > threshold)
226: [8.73352, 12.0927, -60.9093, 33.4056, -20.1283, -7.27277]
[RevRRT::dfsconfig_valid] dist=7.07107, threshold=6 -> FAILED (dist > threshold)
227: [8.91035, 12.0933, -61.0602, 32.6109, -19.5813, -7.59229]
[RevRRT::dfsconfig_valid] dist=11.1803, threshold=6 -> FAILED (dist > threshold)
228: [9.66245, 17.8099, -63.819, 33.3925, -24.3822, -10.3208]
[RevRRT::dfsconfig_valid] dist=5, threshold=6 -> PASSED
[RevRRT::plan] Node #82 ACCEPTED and added to tree
Max volume so far: 126750
229: [8.83671, 12.1879, -60.723, 33.3976, -19.7452, -7.56573]
[RevRRT::dfsconfig_valid] dist=7.07107, threshold=6 -> FAILED (dist > threshold)
230: [9.38739, 13.3284, -60.7179, 31.7147, -19.5106, -5.50271]
[RevRRT::dfsconfig_valid] dist=7.07107, threshold=6 -> FAILED (dist > threshold)
231: [10.0237, 13.4663, -60.8329, 32.0109, -19.4384, -5.72928]
[RevRRT::dfsconfig_valid] dist=5, threshold=6 -> PASSED
[RevRRT::plan] Node #83 ACCEPTED and added to tree
Max volume so far: 126750
232: [10.1998, 13.355, -60.2702, 31.7638, -18.7627, -5.37956]
[RevRRT::dfsconfig_valid] dist=5, threshold=6 -> PASSED
[RevRRT::plan] Node #84 ACCEPTED and added to tree
Max volume so far: 126750
233: [9.24186, 12.7826, -60.8076, 32.2628, -20.3684, -5.07663]
[RevRRT::dfsconfig_valid] dist=7.07107, threshold=6 -> FAILED (dist > threshold)
234: [9.99148, 13.4818, -59.4957, 31.6979, -18.512, -4.85654]
[RevRRT::dfsconfig_valid] dist=5, threshold=6 -> PASSED
[RevRRT::plan] Node #85 ACCEPTED and added to tree
Max volume so far: 126750
235: [0.485549, 27.8366, -87.0147, 36.1197, -39.9454, -15.1558]
[RevRRT::dfsconfig_valid] dist=10, threshold=6 -> FAILED (dist > threshold)
236: [9.55161, 17.7339, -63.2024, 32.7962, -24.6888, -10.7109]
[RevRRT::dfsconfig_valid] dist=15, threshold=6 -> FAILED (dist > threshold)
237: [9.91843, 12.9518, -58.9291, 31.3126, -18.0696, -5.07694]
[RevRRT::dfsconfig_valid] dist=7.07107, threshold=6 -> FAILED (dist > threshold)
238: [9.08197, 11.3156, -62.5747, 33.49, -22.1076, -7.9326]
[RevRRT::dfsconfig_valid] dist=7.07107, threshold=6 -> FAILED (dist > threshold)
239: [10.2242, 12.9598, -59.1467, 31.1388, -18.1867, -5.22139]
[RevRRT::dfsconfig_valid] dist=5, threshold=6 -> PASSED
[RevRRT::plan] Node #86 ACCEPTED and added to tree
Max volume so far: 126750
240: [9.61678, 12.9601, -58.6045, 30.8712, -18.1772, -5.73642]
[RevRRT::dfsconfig_valid] dist=7.07107, threshold=6 -> FAILED (dist > threshold)
241: [9.90469, 13.2609, -58.654, 31.4505, -17.5723, -5.521]
[RevRRT::dfsconfig_valid] dist=5, threshold=6 -> PASSED
[RevRRT::plan] Node #87 ACCEPTED and added to tree
Max volume so far: 126750
242: [0.144739, 27.6529, -87.2162, 36.0263, -39.6214, -15.3074]
[RevRRT::dfsconfig_valid] dist=16.5831, threshold=6 -> FAILED (dist > threshold)
243: [10.203, 13.4829, -58.2251, 30.8418, -17.2076, -5.10344]
[RevRRT::dfsconfig_valid] dist=7.07107, threshold=6 -> FAILED (dist > threshold)
244: [10.1842, 13.2376, -57.8464, 31.1144, -17.8044, -5.84086]
[RevRRT::dfsconfig_valid] dist=5, threshold=6 -> PASSED
[RevRRT::plan] Node #88 ACCEPTED and added to tree
Max volume so far: 126750
245: [10.0942, 13.4308, -57.3081, 30.4467, -17.4886, -6.18636]
[RevRRT::dfsconfig_valid] dist=7.07107, threshold=6 -> FAILED (dist > threshold)
246: [10.2109, 13.6301, -57.0429, 30.67, -17.8165, -5.88612]
[RevRRT::dfsconfig_valid] dist=7.07107, threshold=6 -> FAILED (dist > threshold)
247: [10.0237, 13.5976, -57.639, 30.6174, -17.1439, -6.18494]
[RevRRT::dfsconfig_valid] dist=7.07107, threshold=6 -> FAILED (dist > threshold)
248: [9.86797, 13.6152, -57.5398, 31.457, -17.1545, -6.19265]
[RevRRT::dfsconfig_valid] dist=5, threshold=6 -> PASSED
[RevRRT::plan] Node #89 ACCEPTED and added to tree
Max volume so far: 126750
249: [9.36864, 13.9389, -57.5021, 30.717, -16.9078, -6.38237]
[RevRRT::dfsconfig_valid] dist=7.07107, threshold=6 -> FAILED (dist > threshold)
250: [10.3481, 14.2151, -56.9544, 31.3671, -17.0669, -6.41889]
[RevRRT::dfsconfig_valid] dist=5, threshold=6 -> PASSED
[RevRRT::plan] Node #90 ACCEPTED and added to tree
Max volume so far: 126750
251: [9.19143, 13.4856, -57.3802, 31.3702, -16.547, -5.84146]
[RevRRT::dfsconfig_valid] dist=11.1803, threshold=6 -> FAILED (dist > threshold)
252: [9.78439, 14.2382, -56.5518, 31.5907, -16.6026, -6.92295]
[RevRRT::dfsconfig_valid] dist=5, threshold=6 -> PASSED
[RevRRT::plan] Node #91 ACCEPTED and added to tree
Max volume so far: 126750
253: [9.30247, 14.2522, -55.9236, 31.8012, -16.0708, -7.13689]
[RevRRT::dfsconfig_valid] dist=5, threshold=6 -> PASSED
[RevRRT::plan] Node #92 ACCEPTED and added to tree
Max volume so far: 126750
254: [9.06279, 12.7106, -61.0812, 32.2314, -20.4023, -5.05591]
[RevRRT::dfsconfig_valid] dist=11.1803, threshold=6 -> FAILED (dist > threshold)
255: [8.86354, 14.6028, -55.6912, 31.2856, -15.4799, -7.26103]
[RevRRT::dfsconfig_valid] dist=11.1803, threshold=6 -> FAILED (dist > threshold)
256: [9.21826, 13.7885, -55.1771, 31.8784, -15.6272, -7.00309]
[RevRRT::dfsconfig_valid] dist=5, threshold=6 -> PASSED
[RevRRT::plan] Node #93 ACCEPTED and added to tree
Max volume so far: 126750
257: [9.67146, 13.3849, -54.5221, 32.1607, -15.9778, -7.01133]
[RevRRT::dfsconfig_valid] dist=0, threshold=6 -> PASSED
[RevRRT::plan] Node #94 ACCEPTED and added to tree
Max volume so far: 126750
258: [10.1369, 13.5198, -54.0632, 31.4531, -15.7506, -6.96253]
[RevRRT::dfsconfig_valid] dist=7.07107, threshold=6 -> FAILED (dist > threshold)
259: [9.53665, 12.9157, -53.9268, 31.7839, -15.5052, -7.2163]
[RevRRT::dfsconfig_valid] dist=7.07107, threshold=6 -> FAILED (dist > threshold)
260: [8.82258, 13.6125, -55.1912, 31.13, -15.3365, -7.4125]
[RevRRT::dfsconfig_valid] dist=11.1803, threshold=6 -> FAILED (dist > threshold)
261: [9.59191, 12.8822, -53.8848, 31.7873, -16.1001, -7.43607]
[RevRRT::dfsconfig_valid] dist=7.07107, threshold=6 -> FAILED (dist > threshold)
262: [9.37862, 13.4392, -54.2797, 32.6191, -15.8876, -6.21491]
[RevRRT::dfsconfig_valid] dist=5, threshold=6 -> PASSED
[RevRRT::plan] Node #95 ACCEPTED and added to tree
Max volume so far: 126750
263: [9.87275, 13.7542, -53.6329, 32.2415, -15.8342, -5.91034]
[RevRRT::dfsconfig_valid] dist=11.1803, threshold=6 -> FAILED (dist > threshold)
264: [9.12345, 13.1094, -53.476, 32.5106, -15.5842, -5.93869]
[RevRRT::dfsconfig_valid] dist=7.07107, threshold=6 -> FAILED (dist > threshold)
265: [10.6089, 12.7003, -59.2159, 30.3373, -18.052, -4.87577]
[RevRRT::dfsconfig_valid] dist=12.2474, threshold=6 -> FAILED (dist > threshold)
266: [9.41468, 14.4577, -55.0132, 31.5459, -15.0534, -6.78663]
[RevRRT::dfsconfig_valid] dist=5, threshold=6 -> PASSED
[RevRRT::plan] Node #96 ACCEPTED and added to tree
Max volume so far: 126750
267: [10.7986, 12.3545, -59.1087, 30.7095, -17.9712, -4.9539]
[RevRRT::dfsconfig_valid] dist=5, threshold=6 -> PASSED
[RevRRT::plan] Node #97 ACCEPTED and added to tree
Max volume so far: 126750
268: [9.12099, 13.2983, -53.3749, 32.3529, -15.9918, -6.3306]
[RevRRT::dfsconfig_valid] dist=11.1803, threshold=6 -> FAILED (dist > threshold)
269: [8.90171, 13.5793, -53.693, 32.9336, -15.4919, -5.82356]
[RevRRT::dfsconfig_valid] dist=5, threshold=6 -> PASSED
[RevRRT::plan] Node #98 ACCEPTED and added to tree
Max volume so far: 126750
270: [9.51488, 14.497, -55.065, 30.7887, -14.6898, -7.31601]
[RevRRT::dfsconfig_valid] dist=7.07107, threshold=6 -> FAILED (dist > threshold)
271: [9.89675, 14.7076, -54.5422, 30.9797, -14.6876, -6.95682]
[RevRRT::dfsconfig_valid] dist=7.07107, threshold=6 -> FAILED (dist > threshold)
272: [8.59191, 13.7087, -52.8904, 32.6996, -15.9259, -5.82467]
[RevRRT::dfsconfig_valid] dist=7.07107, threshold=6 -> FAILED (dist > threshold)
273: [9.02521, 14.1715, -53.2931, 32.5919, -15.7305, -5.27535]
[RevRRT::dfsconfig_valid] dist=5, threshold=6 -> PASSED
[RevRRT::plan] Node #99 ACCEPTED and added to tree
Max volume so far: 126750
274: [8.76105, 13.9968, -52.3934, 32.3612, -15.7552, -5.08472]
[RevRRT::dfsconfig_valid] dist=5, threshold=6 -> PASSED
[RevRRT::plan] Node #100 ACCEPTED and added to tree
Max volume so far: 126750
275: [10.1447, 13.1456, -54.491, 32.7143, -15.4225, -7.3322]
[RevRRT::dfsconfig_valid] dist=0, threshold=6 -> PASSED
[RevRRT::plan] Node #101 ACCEPTED and added to tree
Max volume so far: 145375
276: [10.0976, 12.5953, -54.1238, 32.0799, -15.0904, -7.55003]
[RevRRT::dfsconfig_valid] dist=11.1803, threshold=6 -> FAILED (dist > threshold)
277: [8.6204, 13.4344, -51.6706, 31.9934, -15.6855, -5.12248]
[RevRRT::dfsconfig_valid] dist=11.1803, threshold=6 -> FAILED (dist > threshold)
278: [8.42975, 13.4863, -51.852, 32.296, -16.1122, -5.53735]
[RevRRT::dfsconfig_valid] dist=11.1803, threshold=6 -> FAILED (dist > threshold)
279: [9.77003, 14.9129, -54.5708, 31.5079, -14.3938, -6.97198]
[RevRRT::dfsconfig_valid] dist=5, threshold=6 -> PASSED
[RevRRT::plan] Node #102 ACCEPTED and added to tree
Max volume so far: 145375
280: [11.0234, 12.4234, -58.9723, 30.2973, -18.5453, -4.30069]
[RevRRT::dfsconfig_valid] dist=11.1803, threshold=6 -> FAILED (dist > threshold)
281: [8.08559, 13.8806, -52.012, 32.4158, -15.4574, -5.62612]
[RevRRT::dfsconfig_valid] dist=7.07107, threshold=6 -> FAILED (dist > threshold)
282: [9.4046, 11.604, -62.5658, 34.0976, -22.4698, -7.20071]
[RevRRT::dfsconfig_valid] dist=5, threshold=6 -> PASSED
[RevRRT::plan] Node #103 ACCEPTED and added to tree
Max volume so far: 145375
283: [8.23627, 14.563, -52.4188, 31.9477, -15.5819, -4.63487]
[RevRRT::dfsconfig_valid] dist=11.1803, threshold=6 -> FAILED (dist > threshold)
284: [8.63359, 13.4874, -51.6803, 31.8981, -15.7776, -5.11384]
[RevRRT::dfsconfig_valid] dist=11.1803, threshold=6 -> FAILED (dist > threshold)
285: [9.27964, 14.8972, -54.7549, 31.233, -13.5947, -6.86555]
[RevRRT::dfsconfig_valid] dist=5, threshold=6 -> PASSED
[RevRRT::plan] Node #104 ACCEPTED and added to tree
Max volume so far: 145375
286: [9.72387, 14.8903, -54.9722, 30.7079, -13.1515, -7.39763]
[RevRRT::dfsconfig_valid] dist=5, threshold=6 -> PASSED
[RevRRT::plan] Node #105 ACCEPTED and added to tree
Max volume so far: 145375
287: [8.67433, 13.6087, -51.667, 32.3128, -15.2235, -4.91355]
[RevRRT::dfsconfig_valid] dist=7.07107, threshold=6 -> FAILED (dist > threshold)
288: [9.93332, 17.9496, -63.2274, 33.7549, -24.7204, -10.8788]
[RevRRT::dfsconfig_valid] dist=0, threshold=6 -> PASSED
[RevRRT::plan] Node #106 ACCEPTED and added to tree
Max volume so far: 145375
289: [8.29869, 13.4567, -51.7512, 32.406, -15.6685, -5.35426]
[RevRRT::dfsconfig_valid] dist=7.07107, threshold=6 -> FAILED (dist > threshold)
290: [9.80704, 14.4598, -54.3491, 30.1736, -12.9059, -7.66912]
[RevRRT::dfsconfig_valid] dist=7.07107, threshold=6 -> FAILED (dist > threshold)
291: [8.96307, 13.9275, -51.605, 32.4354, -15.1873, -5.01478]
[RevRRT::dfsconfig_valid] dist=0, threshold=6 -> PASSED
[RevRRT::plan] Node #107 ACCEPTED and added to tree
Max volume so far: 145375
292: [8.85629, 17.6543, -64.5193, 31.989, -25.0367, -8.43168]
[RevRRT::dfsconfig_valid] dist=20.6155, threshold=6 -> FAILED (dist > threshold)
293: [8.70926, 13.8973, -50.8843, 32.7631, -15.0935, -4.46798]
[RevRRT::dfsconfig_valid] dist=5, threshold=6 -> PASSED
[RevRRT::plan] Node #108 ACCEPTED and added to tree
Max volume so far: 145375
294: [9.52466, 14.9188, -54.6515, 30.0136, -12.5723, -7.59573]
[RevRRT::dfsconfig_valid] dist=7.07107, threshold=6 -> FAILED (dist > threshold)
295: [10.1941, 14.6673, -54.574, 30.0738, -12.9687, -7.76531]
[RevRRT::dfsconfig_valid] dist=7.07107, threshold=6 -> FAILED (dist > threshold)
296: [8.54817, 15.466, -54.9417, 30.9558, -13.468, -6.9819]
[RevRRT::dfsconfig_valid] dist=11.1803, threshold=6 -> FAILED (dist > threshold)
297: [8.75231, 13.4121, -50.9467, 32.8195, -14.4974, -3.83518]
298: [8.42747, 13.5304, -50.5111, 32.0104, -15.3765, -4.46496]
[RevRRT::dfsconfig_valid] dist=11.1803, threshold=6 -> FAILED (dist > threshold)
299: [8.39177, 13.9531, -50.364, 32.8659, -14.3608, -4.74726]
300: [10.778, 11.9172, -59.1079, 29.8863, -17.964, -5.31531]
[RevRRT::dfsconfig_valid] dist=11.1803, threshold=6 -> FAILED (dist > threshold)
301: [8.86969, 14.1357, -50.0463, 32.943, -15.1325, -4.0422]
302: [5.21892, 20.5867, -79.6669, 37.0442, -35.3566, -14.3058]
[RevRRT::dfsconfig_valid] dist=0, threshold=6 -> PASSED
[RevRRT::plan] Node #109 ACCEPTED and added to tree
Max volume so far: 145375
303: [8.43682, 13.7402, -50.3774, 32.9912, -14.441, -4.05997]
304: [8.49446, 14.0851, -50.1945, 32.9693, -14.5195, -4.20192]
305: [8.83081, 13.7996, -49.9361, 32.9335, -14.9241, -4.60528]
306: [9.61609, 15.0301, -54.4308, 30.3367, -12.4183, -7.41668]
[RevRRT::dfsconfig_valid] dist=5, threshold=6 -> PASSED
[RevRRT::plan] Node #110 ACCEPTED and added to tree
Max volume so far: 145375
307: [8.85343, 14.0284, -50.1906, 32.1948, -15.4906, -4.47114]
[RevRRT::dfsconfig_valid] dist=7.07107, threshold=6 -> FAILED (dist > threshold)
308: [10.7395, 12.047, -58.7859, 29.8856, -18.2237, -5.18915]
[RevRRT::dfsconfig_valid] dist=12.2474, threshold=6 -> FAILED (dist > threshold)
309: [10.2829, 11.3006, -62.7078, 33.8664, -21.9916, -8.31453]
[RevRRT::dfsconfig_valid] dist=0, threshold=6 -> PASSED
[RevRRT::plan] Node #111 ACCEPTED and added to tree
Max volume so far: 145375
310: [9.11951, 13.383, -50.1834, 32.5221, -15.2141, -4.4101]
[RevRRT::dfsconfig_valid] dist=5, threshold=6 -> PASSED
[RevRRT::plan] Node #112 ACCEPTED and added to tree
Max volume so far: 145375
311: [8.70715, 13.627, -49.5611, 32.017, -14.9581, -4.16016]
[RevRRT::dfsconfig_valid] dist=11.1803, threshold=6 -> FAILED (dist > threshold)
312: [9.84533, 14.6801, -54.2401, 29.6348, -11.8779, -7.47877]
[RevRRT::dfsconfig_valid] dist=7.07107, threshold=6 -> FAILED (dist > threshold)
313: [9.10125, 13.13, -49.3206, 32.8965, -14.9883, -4.41518]
314: [9.26931, 13.7766, -49.43, 32.0678, -15.3913, -4.54157]
[RevRRT::dfsconfig_valid] dist=5, threshold=6 -> PASSED
[RevRRT::plan] Node #113 ACCEPTED and added to tree
Max volume so far: 145375
315: [9.49031, 13.3323, -48.6646, 32.1032, -15.784, -4.42981]
[RevRRT::dfsconfig_valid] dist=11.1803, threshold=6 -> FAILED (dist > threshold)
316: [9.46846, 13.4802, -48.6967, 31.6724, -15.7907, -4.67909]
[RevRRT::dfsconfig_valid] dist=12.2474, threshold=6 -> FAILED (dist > threshold)
317: [-0.0413301, 27.6479, -87.4373, 36.8936, -39.5142, -15.5552]
[RevRRT::dfsconfig_valid] dist=8.66025, threshold=6 -> FAILED (dist > threshold)
318: [8.92289, 13.5527, -48.6517, 31.8552, -14.9711, -4.591]
[RevRRT::dfsconfig_valid] dist=5, threshold=6 -> PASSED
[RevRRT::plan] Node #114 ACCEPTED and added to tree
Max volume so far: 145375
319: [10.5297, 17.7514, -62.8681, 34.1223, -25.0324, -11.3723]
[RevRRT::dfsconfig_valid] dist=0, threshold=6 -> PASSED
[RevRRT::plan] Node #115 ACCEPTED and added to tree
Max volume so far: 145375
320: [9.25114, 14.0435, -48.4865, 31.6507, -14.7094, -3.87426]
[RevRRT::dfsconfig_valid] dist=5, threshold=6 -> PASSED
[RevRRT::plan] Node #116 ACCEPTED and added to tree
Max volume so far: 145375
321: [8.6993, 14.2312, -47.8843, 31.9178, -14.5234, -3.43645]
[RevRRT::dfsconfig_valid] dist=5, threshold=6 -> PASSED
[RevRRT::plan] Node #117 ACCEPTED and added to tree
Max volume so far: 145375
322: [11.1662, 12.4542, -59.1724, 29.8138, -17.8152, -4.79807]
[RevRRT::dfsconfig_valid] dist=11.1803, threshold=6 -> FAILED (dist > threshold)
323: [9.93647, 14.4047, -54.1364, 30.2721, -12.0096, -7.91493]
[RevRRT::dfsconfig_valid] dist=5, threshold=6 -> PASSED
[RevRRT::plan] Node #118 ACCEPTED and added to tree
Max volume so far: 145375
324: [8.88525, 12.914, -48.1346, 31.4436, -14.8414, -4.96105]
[RevRRT::dfsconfig_valid] dist=11.1803, threshold=6 -> FAILED (dist > threshold)
325: [9.89521, 15.7864, -69.3082, 32.7606, -24.6263, -12.1248]
[RevRRT::dfsconfig_valid] dist=12.2474, threshold=6 -> FAILED (dist > threshold)
326: [8.13944, 14.6016, -47.814, 32.1876, -14.0916, -2.90243]
327: [8.98462, 14.8579, -47.4408, 32.2332, -14.0838, -3.62699]
328: [9.09993, 13.9717, -47.4088, 31.2624, -14.4412, -3.10505]
[RevRRT::dfsconfig_valid] dist=11.1803, threshold=6 -> FAILED (dist > threshold)
329: [8.46271, 14.7478, -47.1487, 31.5979, -14.5812, -3.61075]
[RevRRT::dfsconfig_valid] dist=5, threshold=6 -> PASSED
[RevRRT::plan] Node #119 ACCEPTED and added to tree
Max volume so far: 145375
330: [10.0506, 13.9644, -54.371, 29.4661, -11.8086, -8.13405]
[RevRRT::dfsconfig_valid] dist=7.07107, threshold=6 -> FAILED (dist > threshold)
331: [-1.13423, 28.6128, -92.4858, 36.5597, -43.9613, -15.1645]
[RevRRT::dfsconfig_valid] dist=8.66025, threshold=6 -> FAILED (dist > threshold)
332: [8.25271, 14.9415, -46.55, 31.1065, -15.1081, -3.81283]
[RevRRT::dfsconfig_valid] dist=12.2474, threshold=6 -> FAILED (dist > threshold)
333: [7.95327, 13.3923, -50.9593, 32.8394, -14.8816, -4.12568]
334: [11.3161, 12.0049, -59.2008, 30.7965, -18.2505, -4.23561]
[RevRRT::dfsconfig_valid] dist=5, threshold=6 -> PASSED
[RevRRT::plan] Node #120 ACCEPTED and added to tree
Max volume so far: 145375
335: [11.2637, 11.6616, -59.1064, 29.9684, -18.1772, -3.81201]
[RevRRT::dfsconfig_valid] dist=12.2474, threshold=6 -> FAILED (dist > threshold)
336: [10.5855, 10.8182, -62.2632, 34.1988, -22.2555, -8.86042]
[RevRRT::dfsconfig_valid] dist=0, threshold=6 -> PASSED
[RevRRT::plan] Node #121 ACCEPTED and added to tree
Max volume so far: 145375
337: [10.1903, 13.6633, -54.1426, 30.5669, -11.5607, -8.22687]
338: [8.15064, 15.0745, -46.4395, 31.7679, -14.3629, -3.14571]
[RevRRT::dfsconfig_valid] dist=7.07107, threshold=6 -> FAILED (dist > threshold)
339: [8.84883, 14.7133, -46.6573, 31.0427, -14.2971, -3.14247]
[RevRRT::dfsconfig_valid] dist=11.1803, threshold=6 -> FAILED (dist > threshold)
340: [9.2635, 14.5615, -54.0313, 29.7634, -11.6277, -8.24181]
[RevRRT::dfsconfig_valid] dist=5, threshold=6 -> PASSED
[RevRRT::plan] Node #122 ACCEPTED and added to tree
Max volume so far: 145375
341: [8.43683, 14.7029, -46.539, 31.4088, -14.0211, -3.0853]
[RevRRT::dfsconfig_valid] dist=11.1803, threshold=6 -> FAILED (dist > threshold)
342: [10.4941, 10.1899, -61.8037, 34.2057, -22.771, -9.20675]
[RevRRT::dfsconfig_valid] dist=5, threshold=6 -> PASSED
[RevRRT::plan] Node #123 ACCEPTED and added to tree
Max volume so far: 145375
343: [8.92214, 13.9708, -54.1233, 29.1911, -11.375, -8.60878]
[RevRRT::dfsconfig_valid] dist=18.0278, threshold=6 -> FAILED (dist > threshold)
344: [11.0422, 11.9732, -59.1046, 30.1338, -18.6283, -3.65869]
[RevRRT::dfsconfig_valid] dist=12.2474, threshold=6 -> FAILED (dist > threshold)
345: [8.4485, 14.2299, -46.6805, 31.1789, -14.1796, -3.19174]
[RevRRT::dfsconfig_valid] dist=11.1803, threshold=6 -> FAILED (dist > threshold)
346: [8.33223, 15.0749, -46.8587, 30.9609, -14.8195, -3.03685]
[RevRRT::dfsconfig_valid] dist=11.1803, threshold=6 -> FAILED (dist > threshold)
347: [8.61849, 14.9166, -46.5017, 31.1641, -14.1427, -3.99564]
[RevRRT::dfsconfig_valid] dist=11.1803, threshold=6 -> FAILED (dist > threshold)
348: [8.31067, 14.4505, -46.6135, 30.9107, -14.9053, -3.76812]
[RevRRT::dfsconfig_valid] dist=12.2474, threshold=6 -> FAILED (dist > threshold)
349: [8.86641, 14.991, -53.8606, 29.5716, -10.8637, -8.33289]
[RevRRT::dfsconfig_valid] dist=5, threshold=6 -> PASSED
[RevRRT::plan] Node #124 ACCEPTED and added to tree
Max volume so far: 145375
350: [8.41463, 15.2005, -46.3359, 31.5682, -14.7836, -3.31042]
[RevRRT::dfsconfig_valid] dist=5, threshold=6 -> PASSED
[RevRRT::plan] Node #125 ACCEPTED and added to tree
Max volume so far: 145375
351: [8.89366, 15.3377, -45.5333, 31.7755, -14.7428, -3.56135]
[RevRRT::dfsconfig_valid] dist=0, threshold=6 -> PASSED
[RevRRT::plan] Node #126 ACCEPTED and added to tree
Max volume so far: 145375
352: [9.04156, 14.5018, -53.5198, 28.931, -10.4156, -8.38428]
[RevRRT::dfsconfig_valid] dist=11.1803, threshold=6 -> FAILED (dist > threshold)
353: [8.19955, 15.146, -53.9298, 29.0819, -10.439, -8.6589]
[RevRRT::dfsconfig_valid] dist=18.7083, threshold=6 -> FAILED (dist > threshold)
354: [8.3306, 15.8744, -44.9977, 31.4994, -14.6632, -3.40148]
[RevRRT::dfsconfig_valid] dist=11.1803, threshold=6 -> FAILED (dist > threshold)
355: [8.47705, 14.7306, -54.1926, 28.8546, -10.6747, -8.68018]
[RevRRT::dfsconfig_valid] dist=20.6155, threshold=6 -> FAILED (dist > threshold)
356: [8.25714, 15.1, -45.9717, 31.1141, -14.8297, -2.52042]
[RevRRT::dfsconfig_valid] dist=11.1803, threshold=6 -> FAILED (dist > threshold)
357: [9.22862, 15.2436, -44.9106, 31.6885, -14.1431, -3.9134]
[RevRRT::dfsconfig_valid] dist=5, threshold=6 -> PASSED
[RevRRT::plan] Node #127 ACCEPTED and added to tree
Max volume so far: 145375
358: [9.17851, 14.9376, -44.0891, 31.6783, -13.8499, -4.29147]
[RevRRT::dfsconfig_valid] dist=5, threshold=6 -> PASSED
[RevRRT::plan] Node #128 ACCEPTED and added to tree
Max volume so far: 145375
359: [8.65082, 14.6251, -54.026, 30.0229, -10.3793, -8.92787]
360: [8.37745, 14.5498, -53.6192, 28.9873, -10.4555, -8.33648]
[RevRRT::dfsconfig_valid] dist=18.7083, threshold=6 -> FAILED (dist > threshold)
361: [9.18971, 14.6304, -53.5318, 28.938, -10.412, -8.56054]
[RevRRT::dfsconfig_valid] dist=11.1803, threshold=6 -> FAILED (dist > threshold)
362: [9.17735, 15.3278, -43.413, 31.4985, -13.7015, -3.7115]
[RevRRT::dfsconfig_valid] dist=5, threshold=6 -> PASSED
[RevRRT::plan] Node #129 ACCEPTED and added to tree
Max volume so far: 145375
363: [10.8879, 9.50603, -61.6476, 33.6792, -23.0427, -9.25019]
[RevRRT::dfsconfig_valid] dist=11.1803, threshold=6 -> FAILED (dist > threshold)
364: [9.05371, 14.7303, -42.9202, 31.8167, -13.6448, -3.1819]
[RevRRT::dfsconfig_valid] dist=5, threshold=6 -> PASSED
[RevRRT::plan] Node #130 ACCEPTED and added to tree
Max volume so far: 145375
365: [9.68125, 14.645, -42.4836, 32.1281, -14.1961, -3.26789]
[RevRRT::dfsconfig_valid] dist=5, threshold=6 -> PASSED
[RevRRT::plan] Node #131 ACCEPTED and added to tree
Max volume so far: 145375
366: [9.40027, 14.96, -41.8554, 32.2652, -14.1148, -2.63399]
367: [9.65491, 14.0845, -41.8565, 31.8068, -14.06, -2.85571]
[RevRRT::dfsconfig_valid] dist=7.07107, threshold=6 -> FAILED (dist > threshold)
368: [9.91254, 14.9203, -41.8142, 31.5153, -13.9983, -3.17898]
369: [9.24701, 14.9195, -53.4705, 29.0234, -10.3635, -8.71643]
[RevRRT::dfsconfig_valid] dist=7.07107, threshold=6 -> FAILED (dist > threshold)
370: [-1.32963, 29.9456, -94.2042, 36.0127, -43.0546, -14.7241]
371: [9.66095, 14.6932, -41.7229, 32.2104, -13.6042, -3.51569]
372: [9.84025, 14.4318, -41.9279, 31.4581, -14.4336, -2.92876]
[RevRRT::dfsconfig_valid] dist=7.07107, threshold=6 -> FAILED (dist > threshold)
373: [11.0575, 17.583, -70.0756, 33.7064, -23.377, -12.2943]
[RevRRT::dfsconfig_valid] dist=11.1803, threshold=6 -> FAILED (dist > threshold)
374: [8.61102, 14.7786, -53.9056, 29.9483, -10.1322, -8.79191]
375: [9.56979, 13.9568, -42.1687, 32.5372, -14.5059, -2.87866]
376: [9.01832, 14.3168, -42.3127, 31.4553, -13.1149, -2.96453]
[RevRRT::dfsconfig_valid] dist=7.07107, threshold=6 -> FAILED (dist > threshold)
377: [8.526, 14.1602, -42.6157, 31.4303, -13.4628, -3.53021]
[RevRRT::dfsconfig_valid] dist=12.2474, threshold=6 -> FAILED (dist > threshold)
378: [9.07101, 14.5417, -41.9567, 32.1925, -14.3906, -3.81317]
[RevRRT::dfsconfig_valid] dist=7.07107, threshold=6 -> FAILED (dist > threshold)
379: [9.98394, 14.6977, -41.8697, 31.6271, -14.5103, -2.84495]
380: [8.75222, 15.7887, -43.0972, 31.5083, -13.0838, -4.0656]
[RevRRT::dfsconfig_valid] dist=5, threshold=6 -> PASSED
[RevRRT::plan] Node #132 ACCEPTED and added to tree
Max volume so far: 145375
381: [9.30951, 16.311, -42.9316, 31.6166, -12.6407, -3.64001]
382: [9.69665, 15.6665, -43.3583, 31.0929, -13.4308, -3.09923]
[RevRRT::dfsconfig_valid] dist=5, threshold=6 -> PASSED
[RevRRT::plan] Node #133 ACCEPTED and added to tree
Max volume so far: 145375
383: [8.21848, 15.9565, -42.4722, 31.5053, -12.554, -3.94033]
384: [7.94149, 15.583, -46.3501, 30.8889, -14.8538, -2.90647]
[RevRRT::dfsconfig_valid] dist=11.1803, threshold=6 -> FAILED (dist > threshold)
385: [9.81319, 14.0699, -42.0226, 31.6465, -14.4666, -3.63415]
[RevRRT::dfsconfig_valid] dist=7.07107, threshold=6 -> FAILED (dist > threshold)
386: [9.18577, 14.42, -53.5369, 29.0753, -10.4738, -8.59536]
[RevRRT::dfsconfig_valid] dist=11.1803, threshold=6 -> FAILED (dist > threshold)
387: [8.63539, 15.1676, -54.1778, 28.7301, -10.6699, -8.06968]
[RevRRT::dfsconfig_valid] dist=20.6155, threshold=6 -> FAILED (dist > threshold)
388: [8.19358, 15.8083, -42.4939, 31.1399, -12.7484, -3.79122]
[RevRRT::dfsconfig_valid] dist=11.1803, threshold=6 -> FAILED (dist > threshold)
389: [11.1328, 17.6441, -70.2345, 34.1292, -23.0789, -12.0262]
[RevRRT::dfsconfig_valid] dist=5, threshold=6 -> PASSED
[RevRRT::plan] Node #134 ACCEPTED and added to tree
Max volume so far: 145375
390: [8.55562, 16.0241, -42.4424, 31.3612, -13.5395, -4.56342]
[RevRRT::dfsconfig_valid] dist=5, threshold=6 -> PASSED
[RevRRT::plan] Node #135 ACCEPTED and added to tree
Max volume so far: 145375
391: [8.29872, 14.6265, -54.0293, 29.5164, -10.1648, -8.49086]
[RevRRT::dfsconfig_valid] dist=18.0278, threshold=6 -> FAILED (dist > threshold)
392: [11.527, 17.3324, -70.3698, 33.5635, -22.8282, -12.6148]
[RevRRT::dfsconfig_valid] dist=12.2474, threshold=6 -> FAILED (dist > threshold)
393: [11.0228, 11.216, -59.3154, 30.7483, -18.2733, -3.71053]
[RevRRT::dfsconfig_valid] dist=5, threshold=6 -> PASSED
[RevRRT::plan] Node #136 ACCEPTED and added to tree
Max volume so far: 145375
394: [9.40486, 15.3637, -53.7526, 28.842, -10.9529, -8.47171]
[RevRRT::dfsconfig_valid] dist=7.07107, threshold=6 -> FAILED (dist > threshold)
395: [9.03462, 15.2141, -53.8825, 28.7381, -10.4604, -8.07964]
[RevRRT::dfsconfig_valid] dist=7.07107, threshold=6 -> FAILED (dist > threshold)
396: [8.59209, 14.5154, -42.315, 31.7118, -13.1852, -2.79175]
397: [10.1009, 14.2162, -41.8472, 32.4125, -14.0487, -2.90425]
398: [10.186, 14.3595, -41.7487, 31.8686, -14.143, -3.03689]
399: [9.41498, 15.3076, -43.169, 30.3382, -13.254, -2.70538]
[RevRRT::dfsconfig_valid] dist=11.1803, threshold=6 -> FAILED (dist > threshold)
400: [8.53905, 15.2948, -54.2421, 29.4125, -10.22, -8.79694]
[RevRRT::dfsconfig_valid] dist=8.66025, threshold=6 -> FAILED (dist > threshold)
401: [8.74027, 14.3333, -42.5847, 31.3281, -13.311, -2.65139]
[RevRRT::dfsconfig_valid] dist=11.1803, threshold=6 -> FAILED (dist > threshold)
402: [8.92502, 15.065, -53.8043, 29.115, -10.0432, -8.65881]
[RevRRT::dfsconfig_valid] dist=11.1803, threshold=6 -> FAILED (dist > threshold)
403: [8.01529, 15.7593, -42.0101, 31.0082, -12.9706, -4.50933]
[RevRRT::dfsconfig_valid] dist=11.1803, threshold=6 -> FAILED (dist > threshold)
404: [8.54127, 14.3108, -42.3687, 32.0795, -13.4022, -2.82237]
405: [8.93085, 10.9162, -62.7741, 34.1197, -22.8306, -6.84238]
[RevRRT::dfsconfig_valid] dist=11.1803, threshold=6 -> FAILED (dist > threshold)
406: [11.017, 9.92528, -61.5126, 34.6137, -23.2406, -9.63666]
[RevRRT::dfsconfig_valid] dist=0, threshold=6 -> PASSED
[RevRRT::plan] Node #137 ACCEPTED and added to tree
Max volume so far: 145375
407: [10.1408, 15.6849, -42.8585, 30.6555, -12.8919, -2.83318]
[RevRRT::dfsconfig_valid] dist=5, threshold=6 -> PASSED
[RevRRT::plan] Node #138 ACCEPTED and added to tree
Max volume so far: 145375
408: [10.0007, 15.6269, -42.3475, 30.4328, -12.0768, -2.87804]
[RevRRT::dfsconfig_valid] dist=7.07107, threshold=6 -> FAILED (dist > threshold)
409: [10.287, 11.0656, -59.4381, 30.2182, -18.2946, -3.33717]
[RevRRT::dfsconfig_valid] dist=12.2474, threshold=6 -> FAILED (dist > threshold)
410: [8.92021, 14.149, -53.7566, 29.4525, -10.3649, -8.45278]
[RevRRT::dfsconfig_valid] dist=8.66025, threshold=6 -> FAILED (dist > threshold)
411: [8.81523, 16.1622, -41.88, 30.7269, -13.8518, -4.87563]
[RevRRT::dfsconfig_valid] dist=11.1803, threshold=6 -> FAILED (dist > threshold)
412: [8.21197, 15.4937, -41.7664, 31.1276, -13.5834, -4.85868]
[RevRRT::dfsconfig_valid] dist=11.1803, threshold=6 -> FAILED (dist > threshold)
413: [11.2395, 9.5, -61.3721, 33.8913, -23.3738, -10.0952]
[RevRRT::dfsconfig_valid] dist=11.1803, threshold=6 -> FAILED (dist > threshold)
414: [11.3127, 11.6164, -59.4434, 30.994, -18.0181, -2.92712]
[RevRRT::dfsconfig_valid] dist=0, threshold=6 -> PASSED
[RevRRT::plan] Node #139 ACCEPTED and added to tree
Max volume so far: 145375
415: [8.59192, 14.3422, -42.286, 31.4762, -13.3869, -2.95507]
[RevRRT::dfsconfig_valid] dist=11.1803, threshold=6 -> FAILED (dist > threshold)
416: [8.67732, 16.4049, -41.7552, 31.5555, -13.9053, -5.00652]
[RevRRT::dfsconfig_valid] dist=5, threshold=6 -> PASSED
[RevRRT::plan] Node #140 ACCEPTED and added to tree
Max volume so far: 145375
417: [8.08824, 16.671, -41.2596, 31.807, -14.0672, -5.50366]
[RevRRT::dfsconfig_valid] dist=5, threshold=6 -> PASSED
[RevRRT::plan] Node #141 ACCEPTED and added to tree
Max volume so far: 145375
418: [8.1282, 16.4377, -40.4278, 32.012, -13.6436, -5.32873]
[RevRRT::dfsconfig_valid] dist=5, threshold=6 -> PASSED
[RevRRT::plan] Node #142 ACCEPTED and added to tree
Max volume so far: 145375
419: [9.98309, 16.1746, -42.6684, 30.4759, -13.2928, -2.12166]
[RevRRT::dfsconfig_valid] dist=7.07107, threshold=6 -> FAILED (dist > threshold)
420: [10.2447, 14.0946, -42.1137, 32.5011, -14.1245, -2.95415]
421: [7.48546, 16.4339, -39.8439, 31.7306, -13.6116, -4.92154]
[RevRRT::dfsconfig_valid] dist=18.0278, threshold=6 -> FAILED (dist > threshold)
422: [8.15922, 16.314, -40.0558, 31.3789, -13.0375, -5.60654]
[RevRRT::dfsconfig_valid] dist=11.1803, threshold=6 -> FAILED (dist > threshold)
423: [10.3782, 16.0129, -42.3452, 29.9617, -12.5979, -2.9032]
[RevRRT::dfsconfig_valid] dist=7.07107, threshold=6 -> FAILED (dist > threshold)
424: [10.2577, 15.702, -42.1668, 30.4148, -12.6495, -2.20798]
[RevRRT::dfsconfig_valid] dist=7.07107, threshold=6 -> FAILED (dist > threshold)
425: [9.29605, 14.9625, -53.9402, 29.2388, -10.1931, -8.83066]
[RevRRT::dfsconfig_valid] dist=5, threshold=6 -> PASSED
[RevRRT::plan] Node #143 ACCEPTED and added to tree
Max volume so far: 145375
426: [7.65611, 15.9041, -40.0195, 32.0895, -14.0395, -5.73247]
[RevRRT::dfsconfig_valid] dist=7.07107, threshold=6 -> FAILED (dist > threshold)
427: [11.746, 11.0555, -59.5686, 30.7572, -17.5826, -2.44105]
[RevRRT::dfsconfig_valid] dist=5, threshold=6 -> PASSED
[RevRRT::plan] Node #144 ACCEPTED and added to tree
Max volume so far: 145375
428: [7.74227, 16.3781, -39.8569, 32.2897, -14.0689, -4.81528]
[RevRRT::dfsconfig_valid] dist=7.07107, threshold=6 -> FAILED (dist > threshold)
429: [10.6776, 15.9335, -42.285, 30.4516, -12.4159, -2.6027]
[RevRRT::dfsconfig_valid] dist=5, threshold=6 -> PASSED
[RevRRT::plan] Node #145 ACCEPTED and added to tree
Max volume so far: 145375
430: [9.26377, 14.8801, -54.0083, 28.5082, -9.53792, -8.67414]
[RevRRT::dfsconfig_valid] dist=7.07107, threshold=6 -> FAILED (dist > threshold)
431: [-0.217284, 26.7787, -86.8899, 37.2396, -39.2888, -14.8447]
[RevRRT::dfsconfig_valid] dist=15.8114, threshold=6 -> FAILED (dist > threshold)
432: [8.99878, 15.05, -53.832, 28.8442, -9.97316, -9.66019]
[RevRRT::dfsconfig_valid] dist=11.1803, threshold=6 -> FAILED (dist > threshold)
433: [9.62605, 15.1752, -54.1464, 28.5136, -9.91295, -9.27661]
[RevRRT::dfsconfig_valid] dist=7.07107, threshold=6 -> FAILED (dist > threshold)
434: [9.13503, 15.4626, -53.8931, 28.8879, -9.43785, -8.9986]
[RevRRT::dfsconfig_valid] dist=5, threshold=6 -> PASSED
[RevRRT::plan] Node #146 ACCEPTED and added to tree
Max volume so far: 145375
435: [7.57901, 16.8046, -39.8433, 31.9447, -13.9926, -5.01908]
[RevRRT::dfsconfig_valid] dist=7.07107, threshold=6 -> FAILED (dist > threshold)
436: [7.61913, 16.6268, -39.8086, 31.4884, -13.4385, -5.40318]
[RevRRT::dfsconfig_valid] dist=11.1803, threshold=6 -> FAILED (dist > threshold)
437: [11.5829, 10.8167, -59.8113, 29.8586, -17.6802, -2.2397]
[RevRRT::dfsconfig_valid] dist=7.07107, threshold=6 -> FAILED (dist > threshold)
438: [8.49826, 14.0484, -42.7729, 31.8646, -13.1949, -3.18022]
439: [7.80956, 15.9465, -39.7895, 32.2886, -13.5162, -4.93239]
440: [7.83863, 16.388, -39.8771, 31.4225, -13.9287, -4.90242]
[RevRRT::dfsconfig_valid] dist=11.1803, threshold=6 -> FAILED (dist > threshold)
441: [7.86492, 16.9161, -40.8597, 31.0794, -14.4717, -5.31128]
[RevRRT::dfsconfig_valid] dist=12.2474, threshold=6 -> FAILED (dist > threshold)
442: [9.60438, 13.9208, -42.1563, 31.9473, -14.4682, -2.76223]
[RevRRT::dfsconfig_valid] dist=7.07107, threshold=6 -> FAILED (dist > threshold)
443: [8.19874, 16.9177, -40.0655, 32.4421, -14.2473, -5.03899]
[RevRRT::dfsconfig_valid] dist=0, threshold=6 -> PASSED
[RevRRT::plan] Node #147 ACCEPTED and added to tree
Max volume so far: 145375
444: [10.1118, 14.2702, -41.8123, 32.2288, -14.4488, -2.88125]
445: [8.27456, 16.772, -39.281, 32.7053, -14.7706, -5.15926]
[RevRRT::dfsconfig_valid] dist=5, threshold=6 -> PASSED
[RevRRT::plan] Node #148 ACCEPTED and added to tree
Max volume so far: 145375
446: [12.1788, 10.7212, -59.5278, 31.0468, -17.2399, -1.7354]
[RevRRT::dfsconfig_valid] dist=0, threshold=6 -> PASSED
[RevRRT::plan] Node #149 ACCEPTED and added to tree
Max volume so far: 145375
447: [11.1337, 15.7662, -41.5437, 30.0028, -12.3537, -2.6984]
[RevRRT::dfsconfig_valid] dist=5, threshold=6 -> PASSED
[RevRRT::plan] Node #150 ACCEPTED and added to tree
Max volume so far: 145375
448: [11.3037, 15.1114, -40.9315, 29.996, -12.3239, -2.29022]
[RevRRT::dfsconfig_valid] dist=5, threshold=6 -> PASSED
[RevRRT::plan] Node #151 ACCEPTED and added to tree
Max volume so far: 145375
449: [10.8622, 14.6908, -40.4268, 29.7862, -12.1206, -1.75349]
[RevRRT::dfsconfig_valid] dist=10, threshold=6 -> FAILED (dist > threshold)
450: [11.0187, 15.1364, -40.3722, 29.3333, -12.3025, -1.88304]
[RevRRT::dfsconfig_valid] dist=11.1803, threshold=6 -> FAILED (dist > threshold)
451: [9.00111, 15.5412, -53.726, 28.9133, -8.55463, -9.40754]
[RevRRT::dfsconfig_valid] dist=5, threshold=6 -> PASSED
[RevRRT::plan] Node #152 ACCEPTED and added to tree
Max volume so far: 145375
452: [8.02215, 16.976, -38.4905, 32.5832, -14.5615, -5.61886]
[RevRRT::dfsconfig_valid] dist=5, threshold=6 -> PASSED
[RevRRT::plan] Node #153 ACCEPTED and added to tree
Max volume so far: 145375
453: [7.95237, 16.5306, -37.9441, 32.6279, -13.9589, -5.98353]
454: [11.2514, 15.2265, -40.5673, 29.142, -12.6694, -2.23807]
[RevRRT::dfsconfig_valid] dist=12.2474, threshold=6 -> FAILED (dist > threshold)
455: [8.68767, 15.4407, -53.8503, 28.0347, -8.29731, -9.21244]
[RevRRT::dfsconfig_valid] dist=11.1803, threshold=6 -> FAILED (dist > threshold)
456: [11.9657, 15.0814, -40.2672, 30.0153, -12.6677, -2.25852]
[RevRRT::dfsconfig_valid] dist=5, threshold=6 -> PASSED
[RevRRT::plan] Node #154 ACCEPTED and added to tree
Max volume so far: 151875
457: [12.5994, 10.1942, -59.4805, 30.4297, -17.5153, -1.44125]
[RevRRT::dfsconfig_valid] dist=7.07107, threshold=6 -> FAILED (dist > threshold)
458: [12.2644, 14.462, -40.0469, 29.8186, -12.146, -1.84897]
[RevRRT::dfsconfig_valid] dist=5, threshold=6 -> PASSED
[RevRRT::plan] Node #155 ACCEPTED and added to tree
Max volume so far: 157250
459: [7.54114, 17.2402, -38.2773, 31.902, -14.6322, -6.04811]
[RevRRT::dfsconfig_valid] dist=12.2474, threshold=6 -> FAILED (dist > threshold)
460: [12.3909, 14.6788, -39.4479, 29.9953, -11.5092, -1.47279]
[RevRRT::dfsconfig_valid] dist=0, threshold=6 -> PASSED
[RevRRT::plan] Node #156 ACCEPTED and added to tree
Max volume so far: 175375
461: [12.6762, 14.2216, -38.8826, 29.7279, -10.9504, -1.55182]
[RevRRT::dfsconfig_valid] dist=5, threshold=6 -> PASSED
[RevRRT::plan] Node #157 ACCEPTED and added to tree
Max volume so far: 175375
462: [13.1725, 13.8406, -38.5756, 29.6726, -10.3923, -1.99888]
463: [9.44245, 15.6663, -53.6418, 28.3082, -8.26425, -9.98382]
[RevRRT::dfsconfig_valid] dist=5, threshold=6 -> PASSED
[RevRRT::plan] Node #158 ACCEPTED and added to tree
Max volume so far: 175375
464: [12.5966, 13.5031, -38.7527, 29.2658, -11.1061, -1.0799]
[RevRRT::dfsconfig_valid] dist=7.07107, threshold=6 -> FAILED (dist > threshold)
465: [12.6705, 13.3449, -38.6797, 29.7302, -11.265, -1.24987]
[RevRRT::dfsconfig_valid] dist=7.07107, threshold=6 -> FAILED (dist > threshold)
466: [12.9352, 13.6951, -38.2882, 29.6382, -10.4629, -1.79007]
467: [13.0518, 14.5022, -38.2663, 30.0061, -10.4795, -1.23345]
468: [8.06476, 17.2082, -37.7303, 32.7568, -14.9367, -6.06088]
[RevRRT::dfsconfig_valid] dist=5, threshold=6 -> PASSED
[RevRRT::plan] Node #159 ACCEPTED and added to tree
Max volume so far: 175375
469: [12.3392, 13.3505, -38.8365, 29.8155, -10.8186, -1.2349]
[RevRRT::dfsconfig_valid] dist=7.07107, threshold=6 -> FAILED (dist > threshold)
470: [12.4774, 14.1678, -38.3394, 29.2381, -10.6526, -0.973885]
[RevRRT::dfsconfig_valid] dist=7.07107, threshold=6 -> FAILED (dist > threshold)
471: [13.4084, 14.0737, -38.6601, 29.1667, -10.805, -1.78948]
[RevRRT::dfsconfig_valid] dist=11.1803, threshold=6 -> FAILED (dist > threshold)
472: [12.1916, 14.1693, -38.489, 29.1406, -10.4694, -1.37495]
[RevRRT::dfsconfig_valid] dist=7.07107, threshold=6 -> FAILED (dist > threshold)
473: [13.0961, 14.1678, -38.6076, 29.9908, -10.4214, -2.18136]
474: [10.6981, 9.28859, -61.637, 34.6275, -23.2382, -10.3275]
[RevRRT::dfsconfig_valid] dist=11.1803, threshold=6 -> FAILED (dist > threshold)
475: [2.44901, 22.4483, -82.9348, 36.6966, -36.5256, -12.5958]
[RevRRT::dfsconfig_valid] dist=11.1803, threshold=6 -> FAILED (dist > threshold)
476: [13.0975, 14.7598, -38.9757, 29.2682, -10.4891, -1.23542]
477: [7.55223, 17.5061, -37.22, 32.9313, -14.3918, -5.8144]
478: [13.2473, 13.6987, -38.3387, 29.43, -10.8244, -1.54747]
479: [12.8825, 15.1166, -39.6217, 29.7517, -11.284, -0.819803]
480: [9.41176, 15.0989, -53.5218, 28.0889, -8.42886, -10.7502]
[RevRRT::dfsconfig_valid] dist=7.07107, threshold=6 -> FAILED (dist > threshold)
481: [7.80475, 16.8776, -37.2571, 33.1129, -15.3297, -5.49698]
[RevRRT::dfsconfig_valid] dist=5, threshold=6 -> PASSED
[RevRRT::plan] Node #160 ACCEPTED and added to tree
Max volume so far: 175375
482: [12.5067, 9.96193, -59.3398, 31.5129, -17.0893, -1.53358]
[RevRRT::dfsconfig_valid] dist=5, threshold=6 -> PASSED
[RevRRT::plan] Node #161 ACCEPTED and added to tree
Max volume so far: 175375
483: [12.0928, 14.0784, -38.3335, 29.7532, -10.46, -1.24114]
[RevRRT::dfsconfig_valid] dist=7.07107, threshold=6 -> FAILED (dist > threshold)
484: [7.97072, 17.2938, -36.5597, 33.2952, -15.5099, -4.99991]
[RevRRT::dfsconfig_valid] dist=0, threshold=6 -> PASSED
[RevRRT::plan] Node #162 ACCEPTED and added to tree
Max volume so far: 175375
485: [13.001, 9.3497, -59.2932, 30.9765, -17.1855, -1.24763]
[RevRRT::dfsconfig_valid] dist=5, threshold=6 -> PASSED
[RevRRT::plan] Node #163 ACCEPTED and added to tree
Max volume so far: 175375
486: [7.17771, 17.0336, -37.1363, 32.5195, -15.7914, -5.54713]
[RevRRT::dfsconfig_valid] dist=22.3607, threshold=6 -> FAILED (dist > threshold)
487: [12.8634, 13.9395, -38.5068, 29.0125, -11.1956, -1.9668]
[RevRRT::dfsconfig_valid] dist=12.2474, threshold=6 -> FAILED (dist > threshold)
488: [12.5456, 10.2403, -59.6695, 31.8629, -17.1439, -0.704902]
[RevRRT::dfsconfig_valid] dist=0, threshold=6 -> PASSED
[RevRRT::plan] Node #164 ACCEPTED and added to tree
Max volume so far: 175375
489: [13.0915, 9.21992, -59.2635, 30.3979, -17.428, -0.485708]
[RevRRT::dfsconfig_valid] dist=7.07107, threshold=6 -> FAILED (dist > threshold)
490: [7.18134, 16.7241, -36.6818, 33.1635, -15.3566, -6.00054]
[RevRRT::dfsconfig_valid] dist=11.1803, threshold=6 -> FAILED (dist > threshold)
491: [9.76655, 14.8657, -53.5978, 28.2434, -7.77866, -10.0931]
[RevRRT::dfsconfig_valid] dist=5, threshold=6 -> PASSED
[RevRRT::plan] Node #165 ACCEPTED and added to tree
Max volume so far: 175375
492: [7.22364, 16.8137, -36.8025, 32.4715, -15.1852, -5.63612]
[RevRRT::dfsconfig_valid] dist=22.3607, threshold=6 -> FAILED (dist > threshold)
493: [12.8509, 10.3153, -59.9732, 31.9298, -17.0769, 0.189499]
[RevRRT::dfsconfig_valid] dist=0, threshold=6 -> PASSED
[RevRRT::plan] Node #166 ACCEPTED and added to tree
Max volume so far: 175375
494: [10.4139, 9.32278, -61.2881, 34.6364, -23.2323, -10.1081]
[RevRRT::dfsconfig_valid] dist=7.07107, threshold=6 -> FAILED (dist > threshold)
495: [8.1065, 17.6433, -35.7796, 32.9667, -15.8765, -5.09237]
[RevRRT::dfsconfig_valid] dist=5, threshold=6 -> PASSED
[RevRRT::plan] Node #167 ACCEPTED and added to tree
Max volume so far: 175375
496: [13.0385, 13.9783, -38.3182, 29.2505, -10.4663, -1.38205]
[RevRRT::dfsconfig_valid] dist=5, threshold=6 -> PASSED
[RevRRT::plan] Node #168 ACCEPTED and added to tree
Max volume so far: 175375
497: [9.08959, 14.6901, -53.6006, 27.6107, -7.63088, -10.3911]
[RevRRT::dfsconfig_valid] dist=12.2474, threshold=6 -> FAILED (dist > threshold)
498: [8.64216, 17.8199, -35.1433, 33.3729, -15.8412, -5.42516]
[RevRRT::dfsconfig_valid] dist=0, threshold=6 -> PASSED
[RevRRT::plan] Node #169 ACCEPTED and added to tree
Max volume so far: 175375
499: [12.7561, 14.4209, -37.8032, 28.6332, -10.2004, -1.29623]
[RevRRT::dfsconfig_valid] dist=11.1803, threshold=6 -> FAILED (dist > threshold)
500: [7.64932, 16.902, -37.518, 32.1747, -15.2095, -6.58574]
[RevRRT::dfsconfig_valid] dist=11.1803, threshold=6 -> FAILED (dist > threshold)
501: [8.04468, 17.8019, -34.5681, 33.6193, -15.4466, -5.11618]
502: [7.13195, 16.3888, -36.8224, 33.105, -15.4054, -5.83409]
[RevRRT::dfsconfig_valid] dist=11.1803, threshold=6 -> FAILED (dist > threshold)
503: [13.4277, 13.6315, -38.1743, 28.5547, -10.0665, -1.63426]
[RevRRT::dfsconfig_valid] dist=11.1803, threshold=6 -> FAILED (dist > threshold)
504: [13.4384, 13.9085, -38.3851, 29.0078, -10.0514, -0.607675]
[RevRRT::dfsconfig_valid] dist=5, threshold=6 -> PASSED
[RevRRT::plan] Node #170 ACCEPTED and added to tree
Max volume so far: 183750
505: [7.6278, 17.9194, -35.3436, 32.2731, -15.784, -5.21427]
[RevRRT::dfsconfig_valid] dist=11.1803, threshold=6 -> FAILED (dist > threshold)
506: [12.9613, 13.9251, -37.6234, 28.864, -9.99569, -1.75291]
[RevRRT::dfsconfig_valid] dist=5, threshold=6 -> PASSED
[RevRRT::plan] Node #171 ACCEPTED and added to tree
Max volume so far: 183750
507: [12.8699, 14.3053, -36.9974, 28.2299, -9.8386, -1.58432]
[RevRRT::dfsconfig_valid] dist=11.1803, threshold=6 -> FAILED (dist > threshold)
508: [12.2659, 15.5124, -40.1117, 29.3861, -13.1968, -2.10302]
[RevRRT::dfsconfig_valid] dist=12.2474, threshold=6 -> FAILED (dist > threshold)
509: [13.3179, 13.5133, -38.5729, 28.3846, -9.57452, -0.185378]
[RevRRT::dfsconfig_valid] dist=5, threshold=6 -> PASSED
[RevRRT::plan] Node #172 ACCEPTED and added to tree
Max volume so far: 183750
510: [9.18104, 14.5657, -53.6962, 27.7498, -7.2738, -9.85022]
[RevRRT::dfsconfig_valid] dist=11.1803, threshold=6 -> FAILED (dist > threshold)
511: [12.7303, 13.2171, -38.1741, 28.1778, -9.34597, 0.374083]
[RevRRT::dfsconfig_valid] dist=8.66025, threshold=6 -> FAILED (dist > threshold)
512: [13.5048, 13.3931, -37.7472, 29.2909, -10.2776, -0.16972]
[RevRRT::dfsconfig_valid] dist=5, threshold=6 -> PASSED
[RevRRT::plan] Node #173 ACCEPTED and added to tree
Max volume so far: 190625
513: [12.8041, 9.56056, -59.8534, 32.2985, -16.6762, 0.532074]
514: [10.9678, 9.05751, -61.8367, 34.5939, -23.2744, -10.0082]
[RevRRT::dfsconfig_valid] dist=11.1803, threshold=6 -> FAILED (dist > threshold)
515: [13.3965, 14.3228, -37.2348, 28.2029, -9.74352, -1.77969]
[RevRRT::dfsconfig_valid] dist=11.1803, threshold=6 -> FAILED (dist > threshold)
516: [1.12387, 25.5897, -83.712, 35.9304, -37.8555, -13.7674]
517: [8.19562, 17.4995, -34.3919, 33.1359, -16.0433, -5.23469]
[RevRRT::dfsconfig_valid] dist=7.07107, threshold=6 -> FAILED (dist > threshold)
518: [13.1734, 10.5996, -60.0293, 31.1686, -17.3699, 0.572528]
[RevRRT::dfsconfig_valid] dist=11.1803, threshold=6 -> FAILED (dist > threshold)
519: [13.3657, 14.1514, -37.392, 29.1472, -9.30967, -2.17815]
[RevRRT::dfsconfig_valid] dist=0, threshold=6 -> PASSED
[RevRRT::plan] Node #174 ACCEPTED and added to tree
Max volume so far: 195250
520: [-0.288794, 28.1056, -89.841, 35.3143, -40.5293, -15.1114]
521: [7.49631, 18.1461, -35.5001, 33.1701, -16.2056, -4.70884]
[RevRRT::dfsconfig_valid] dist=11.1803, threshold=6 -> FAILED (dist > threshold)
522: [7.64375, 17.9175, -35.4957, 32.2399, -16.0065, -5.3839]
[RevRRT::dfsconfig_valid] dist=11.1803, threshold=6 -> FAILED (dist > threshold)
523: [13.7414, 12.6473, -37.4341, 29.5851, -9.90389, 0.0823502]
524: [13.4723, 13.9898, -36.5956, 28.9435, -8.84306, -1.91512]
[RevRRT::dfsconfig_valid] dist=5, threshold=6 -> PASSED
[RevRRT::plan] Node #175 ACCEPTED and added to tree
Max volume so far: 195375
525: [13.6757, 13.7071, -35.9383, 28.6493, -8.30208, -2.17479]
[RevRRT::dfsconfig_valid] dist=5, threshold=6 -> PASSED
[RevRRT::plan] Node #176 ACCEPTED and added to tree
Max volume so far: 195375
526: [13.7726, 13.1627, -35.5587, 28.1171, -7.83129, -2.38747]
[RevRRT::dfsconfig_valid] dist=11.1803, threshold=6 -> FAILED (dist > threshold)
527: [12.4497, 10.2377, -60.0901, 32.344, -16.6945, 0.89771]
[RevRRT::dfsconfig_valid] dist=5, threshold=6 -> PASSED
[RevRRT::plan] Node #177 ACCEPTED and added to tree
Max volume so far: 195375
528: [7.40736, 17.5041, -37.4612, 32.6363, -14.622, -6.60333]
[RevRRT::dfsconfig_valid] dist=7.07107, threshold=6 -> FAILED (dist > threshold)
529: [0.926289, 28.8023, -91.1238, 35.6869, -41.7984, -16.0423]
[RevRRT::dfsconfig_valid] dist=5, threshold=6 -> PASSED
[RevRRT::plan] Node #178 ACCEPTED and added to tree
Max volume so far: 195375
530: [13.0582, 13.5287, -35.5081, 28.48, -7.6964, -2.09575]
[RevRRT::dfsconfig_valid] dist=12.2474, threshold=6 -> FAILED (dist > threshold)
531: [-1.19661, 28.0775, -92.6831, 37.4767, -43.7758, -14.9652]
532: [13.2847, 13.6134, -35.2989, 28.7523, -7.91315, -1.65751]
533: [13.7368, 13.5255, -35.3748, 27.9697, -8.26731, -1.74744]
[RevRRT::dfsconfig_valid] dist=11.1803, threshold=6 -> FAILED (dist > threshold)
534: [9.97096, 14.1497, -53.9252, 28.3622, -7.31618, -10.4256]
[RevRRT::dfsconfig_valid] dist=5, threshold=6 -> PASSED
[RevRRT::plan] Node #179 ACCEPTED and added to tree
Max volume so far: 195375
535: [14.0479, 13.4983, -35.553, 28.0702, -7.90494, -2.59458]
[RevRRT::dfsconfig_valid] dist=7.07107, threshold=6 -> FAILED (dist > threshold)
536: [13.2105, 13.347, -35.3666, 28.1705, -8.26409, -2.48514]
[RevRRT::dfsconfig_valid] dist=11.1803, threshold=6 -> FAILED (dist > threshold)
537: [10.5355, 14.3053, -54.1296, 27.9126, -6.68667, -10.5555]
[RevRRT::dfsconfig_valid] dist=5, threshold=6 -> PASSED
[RevRRT::plan] Node #180 ACCEPTED and added to tree
Max volume so far: 195375
538: [9.00112, 17.7242, -34.4624, 33.1999, -16.3361, -5.07374]
[RevRRT::dfsconfig_valid] dist=5, threshold=6 -> PASSED
[RevRRT::plan] Node #181 ACCEPTED and added to tree
Max volume so far: 195375
539: [13.9872, 13.8808, -35.3193, 28.8979, -7.81863, -2.61536]
540: [9.0961, 18.1618, -33.6671, 33.3646, -16.3809, -5.44521]
[RevRRT::dfsconfig_valid] dist=0, threshold=6 -> PASSED
[RevRRT::plan] Node #182 ACCEPTED and added to tree
Max volume so far: 195375
541: [14.0277, 13.4531, -35.8689, 28.1084, -7.63185, -2.42971]
[RevRRT::dfsconfig_valid] dist=7.07107, threshold=6 -> FAILED (dist > threshold)
542: [8.89676, 18.4985, -32.8546, 33.6205, -16.0605, -5.58135]
[RevRRT::dfsconfig_valid] dist=5, threshold=6 -> PASSED
[RevRRT::plan] Node #183 ACCEPTED and added to tree
Max volume so far: 195375
543: [13.287, 13.5853, -35.2483, 28.4302, -8.25452, -1.62005]
[RevRRT::dfsconfig_valid] dist=11.1803, threshold=6 -> FAILED (dist > threshold)
544: [9.94126, 13.9732, -54.1978, 27.7226, -6.28186, -11.1316]
[RevRRT::dfsconfig_valid] dist=8.66025, threshold=6 -> FAILED (dist > threshold)
545: [13.5429, 13.8355, -37.4667, 29.7888, -9.9804, 0.453096]
546: [-0.0190332, 27.2418, -86.3567, 37.567, -38.973, -13.374]
[RevRRT::dfsconfig_valid] dist=8.66025, threshold=6 -> FAILED (dist > threshold)
547: [8.50639, 18.9822, -32.094, 33.6231, -16.1424, -5.4127]
[RevRRT::dfsconfig_valid] dist=7.07107, threshold=6 -> FAILED (dist > threshold)
548: [3.15054, 22.5611, -76.6624, 36.9989, -31.4951, -10.9424]
[RevRRT::dfsconfig_valid] dist=8.66025, threshold=6 -> FAILED (dist > threshold)
549: [10.2061, 13.6778, -53.8368, 27.68, -6.33929, -11.0425]
[RevRRT::dfsconfig_valid] dist=8.66025, threshold=6 -> FAILED (dist > threshold)
550: [13.6721, 13.8722, -35.3532, 28.0288, -8.10533, -1.72027]
[RevRRT::dfsconfig_valid] dist=7.07107, threshold=6 -> FAILED (dist > threshold)
551: [7.50656, 17.352, -38.4638, 33.0923, -13.9864, -5.66589]
552: [8.87551, 18.2455, -32.093, 33.3226, -16.4781, -5.88512]
[RevRRT::dfsconfig_valid] dist=7.07107, threshold=6 -> FAILED (dist > threshold)
553: [10.9498, 9.19844, -61.2875, 34.4546, -23.784, -9.94648]
[RevRRT::dfsconfig_valid] dist=11.1803, threshold=6 -> FAILED (dist > threshold)
554: [13.3918, 13.8989, -38.3775, 27.5034, -9.70761, -0.0694037]
[RevRRT::dfsconfig_valid] dist=12.2474, threshold=6 -> FAILED (dist > threshold)
555: [9.86987, 13.9983, -53.9284, 27.6785, -6.08058, -10.5507]
[RevRRT::dfsconfig_valid] dist=8.66025, threshold=6 -> FAILED (dist > threshold)
556: [14.0706, 13.2055, -35.509, 28.1726, -8.22655, -1.75626]
[RevRRT::dfsconfig_valid] dist=7.07107, threshold=6 -> FAILED (dist > threshold)
557: [10.1315, 13.8087, -54.0611, 27.319, -6.20891, -10.6255]
[RevRRT::dfsconfig_valid] dist=11.1803, threshold=6 -> FAILED (dist > threshold)
558: [13.8298, 13.6152, -35.2423, 27.9608, -8.20668, -2.19132]
[RevRRT::dfsconfig_valid] dist=7.07107, threshold=6 -> FAILED (dist > threshold)
559: [12.6147, 8.85361, -59.098, 30.3186, -17.4632, -1.00979]
[RevRRT::dfsconfig_valid] dist=7.07107, threshold=6 -> FAILED (dist > threshold)
560: [9.38115, 18.947, -32.3599, 33.2255, -16.3632, -5.84931]
[RevRRT::dfsconfig_valid] dist=5, threshold=6 -> PASSED
[RevRRT::plan] Node #184 ACCEPTED and added to tree
Max volume so far: 195375
561: [13.4402, 13.1359, -35.6475, 28.52, -7.58434, -2.21739]
[RevRRT::dfsconfig_valid] dist=11.1803, threshold=6 -> FAILED (dist > threshold)
562: [13.3888, 12.9272, -37.1659, 28.868, -10.6125, 0.205197]
[RevRRT::dfsconfig_valid] dist=7.07107, threshold=6 -> FAILED (dist > threshold)
563: [9.93254, 19.1552, -31.6579, 33.5564, -16.5823, -5.89883]
[RevRRT::dfsconfig_valid] dist=0, threshold=6 -> PASSED
[RevRRT::plan] Node #185 ACCEPTED and added to tree
Max volume so far: 197250
564: [9.75352, 19.6279, -31.3086, 32.9206, -16.9443, -6.19394]
[RevRRT::dfsconfig_valid] dist=11.1803, threshold=6 -> FAILED (dist > threshold)
565: [12.8678, 9.92163, -60.2887, 31.9351, -16.0759, 1.26644]
[RevRRT::dfsconfig_valid] dist=5, threshold=6 -> PASSED
[RevRRT::plan] Node #186 ACCEPTED and added to tree
Max volume so far: 197250
566: [8.87281, 19.1399, -32.1805, 32.4377, -16.5047, -6.02697]
[RevRRT::dfsconfig_valid] dist=12.2474, threshold=6 -> FAILED (dist > threshold)
567: [13.5497, 12.7302, -37.5999, 29.1182, -10.4046, 0.530914]
[RevRRT::dfsconfig_valid] dist=5, threshold=6 -> PASSED
[RevRRT::plan] Node #187 ACCEPTED and added to tree
Max volume so far: 197250
568: [11.2016, 14.707, -54.2754, 28.2259, -6.18398, -10.7066]
569: [13.8034, 12.8436, -37.5574, 29.3112, -9.74479, 1.20056]
570: [8.73193, 11.0974, -62.4712, 33.8597, -22.934, -7.10162]
[RevRRT::dfsconfig_valid] dist=11.1803, threshold=6 -> FAILED (dist > threshold)
571: [12.8787, 12.9853, -38.5921, 27.683, -9.71286, -0.0568884]
[RevRRT::dfsconfig_valid] dist=12.2474, threshold=6 -> FAILED (dist > threshold)
572: [13.5967, 13.4993, -35.3365, 28.2592, -7.66396, -2.00444]
[RevRRT::dfsconfig_valid] dist=11.1803, threshold=6 -> FAILED (dist > threshold)
573: [10.2026, 19.8442, -31.4043, 33.7958, -16.9619, -5.4668]
[RevRRT::dfsconfig_valid] dist=0, threshold=6 -> PASSED
[RevRRT::plan] Node #188 ACCEPTED and added to tree
Max volume so far: 216750
574: [8.45639, 16.0371, -53.5863, 29.2646, -8.17739, -9.82236]
575: [13.93, 13.3244, -35.4567, 28.0144, -8.04214, -1.88116]
[RevRRT::dfsconfig_valid] dist=7.07107, threshold=6 -> FAILED (dist > threshold)
576: [9.70751, 19.6697, -30.7806, 33.4356, -17.3021, -5.16683]
[RevRRT::dfsconfig_valid] dist=7.07107, threshold=6 -> FAILED (dist > threshold)
577: [10.7002, 9.09581, -61.4654, 34.4886, -23.2642, -10.0762]
[RevRRT::dfsconfig_valid] dist=11.1803, threshold=6 -> FAILED (dist > threshold)
578: [13.1781, 12.1521, -37.3186, 28.5439, -10.5652, 0.835664]
[RevRRT::dfsconfig_valid] dist=7.07107, threshold=6 -> FAILED (dist > threshold)
579: [13.5795, 13.8804, -38.6822, 27.767, -9.15661, 0.292861]
[RevRRT::dfsconfig_valid] dist=11.1803, threshold=6 -> FAILED (dist > threshold)
580: [13.7514, 12.0146, -37.166, 28.8367, -10.1785, 0.889547]
[RevRRT::dfsconfig_valid] dist=5, threshold=6 -> PASSED
[RevRRT::plan] Node #189 ACCEPTED and added to tree
Max volume so far: 216750
581: [10.7206, 14.3758, -54.1722, 27.2299, -6.05648, -10.2461]
[RevRRT::dfsconfig_valid] dist=5, threshold=6 -> PASSED
[RevRRT::plan] Node #190 ACCEPTED and added to tree
Max volume so far: 216750
582: [14.067, 13.39, -35.4857, 28.5367, -7.77694, -2.67775]
[RevRRT::dfsconfig_valid] dist=5, threshold=6 -> PASSED
[RevRRT::plan] Node #191 ACCEPTED and added to tree
Max volume so far: 216750
583: [14.0209, 12.0761, -36.692, 28.9719, -9.64278, 1.51697]
[RevRRT::dfsconfig_valid] dist=0, threshold=6 -> PASSED
[RevRRT::plan] Node #192 ACCEPTED and added to tree
Max volume so far: 216750
584: [10.1452, 20.335, -30.8837, 33.8112, -17.34, -6.05125]
[RevRRT::dfsconfig_valid] dist=5, threshold=6 -> PASSED
[RevRRT::plan] Node #193 ACCEPTED and added to tree
Max volume so far: 216750
585: [3.64256, 20.4222, -79.974, 36.2199, -34.3688, -14.4789]
[RevRRT::dfsconfig_valid] dist=15.8114, threshold=6 -> FAILED (dist > threshold)
586: [9.99209, 20.6321, -30.4274, 33.1409, -17.7161, -6.34998]
[RevRRT::dfsconfig_valid] dist=12.2474, threshold=6 -> FAILED (dist > threshold)
587: [14.2171, 13.2057, -34.774, 28.7654, -7.19515, -2.89298]
588: [10.523, 20.4218, -30.2811, 34.0548, -16.8292, -6.45911]
[RevRRT::dfsconfig_valid] dist=0, threshold=6 -> PASSED
[RevRRT::plan] Node #194 ACCEPTED and added to tree
Max volume so far: 242750
589: [8.39429, 16.0133, -53.9476, 28.4565, -8.38994, -9.05531]
[RevRRT::dfsconfig_valid] dist=20.6155, threshold=6 -> FAILED (dist > threshold)
590: [10.3565, 19.8165, -29.6202, 34.3684, -17.0626, -6.33068]
[RevRRT::dfsconfig_valid] dist=7.07107, threshold=6 -> FAILED (dist > threshold)
591: [13.4911, 11.5085, -36.482, 29.2213, -9.52659, 2.0435]
592: [13.8797, 13.8234, -35.2405, 27.8845, -7.40839, -3.07245]
[RevRRT::dfsconfig_valid] dist=7.07107, threshold=6 -> FAILED (dist > threshold)
593: [14.3367, 13.9902, -35.1569, 28.4958, -7.12118, -2.84284]
594: [10.2139, 14.3076, -54.1346, 26.7049, -5.43826, -10.5278]
[RevRRT::dfsconfig_valid] dist=11.1803, threshold=6 -> FAILED (dist > threshold)
595: [10.3682, 14.7554, -53.9838, 26.583, -5.54205, -10.1317]
[RevRRT::dfsconfig_valid] dist=11.1803, threshold=6 -> FAILED (dist > threshold)
596: [12.3009, 9.45847, -60.5754, 32.1563, -15.5181, 1.41417]
[RevRRT::dfsconfig_valid] dist=5, threshold=6 -> PASSED
[RevRRT::plan] Node #195 ACCEPTED and added to tree
Max volume so far: 242750
597: [14.3317, 11.4346, -36.6949, 28.8685, -9.32577, 2.13402]
598: [14.5484, 13.1321, -34.8374, 28.2778, -7.76434, -3.14065]
599: [14.3659, 12.8398, -35.0814, 28.3805, -7.37079, -3.18289]
[RevRRT::dfsconfig_valid] dist=7.07107, threshold=6 -> FAILED (dist > threshold)
600: [14.2564, 12.9428, -34.9015, 28.3912, -7.32154, -3.11859]
[RevRRT::dfsconfig_valid] dist=7.07107, threshold=6 -> FAILED (dist > threshold)
601: [7.15277, 16.3586, -37.1078, 32.9013, -15.3203, -5.98525]
[RevRRT::dfsconfig_valid] dist=11.1803, threshold=6 -> FAILED (dist > threshold)
602: [9.49327, 20.3712, -30.319, 33.3865, -17.5698, -6.19806]
[RevRRT::dfsconfig_valid] dist=11.1803, threshold=6 -> FAILED (dist > threshold)
603: [10.9834, 13.698, -54.1802, 27.0062, -5.73813, -10.8119]
[RevRRT::dfsconfig_valid] dist=7.07107, threshold=6 -> FAILED (dist > threshold)
604: [8.9073, 16.0891, -53.6311, 27.7805, -8.24937, -10.4899]
[RevRRT::dfsconfig_valid] dist=7.07107, threshold=6 -> FAILED (dist > threshold)
605: [9.54609, 20.4641, -30.2654, 33.5698, -17.7567, -5.95109]
[RevRRT::dfsconfig_valid] dist=11.1803, threshold=6 -> FAILED (dist > threshold)
606: [10.6604, 20.5412, -29.6519, 33.7411, -17.1916, -7.04328]
[RevRRT::dfsconfig_valid] dist=7.07107, threshold=6 -> FAILED (dist > threshold)
607: [9.50647, 19.9237, -30.3438, 33.9234, -17.6842, -6.06476]
[RevRRT::dfsconfig_valid] dist=7.07107, threshold=6 -> FAILED (dist > threshold)
608: [14.101, 13.802, -34.9449, 28.7484, -7.21632, -2.25646]
609: [0.655305, 29.3154, -90.8181, 35.4511, -42.0724, -16.705]
[RevRRT::dfsconfig_valid] dist=5, threshold=6 -> PASSED
[RevRRT::plan] Node #196 ACCEPTED and added to tree
Max volume so far: 242750
610: [13.4881, 11.8943, -36.229, 29.006, -9.12343, 1.96175]
611: [10.2411, 13.6504, -54.3365, 26.8443, -5.93563, -10.4776]
[RevRRT::dfsconfig_valid] dist=11.1803, threshold=6 -> FAILED (dist > threshold)
612: [11.2283, 14.402, -54.4094, 26.5926, -5.57212, -10.0349]
[RevRRT::dfsconfig_valid] dist=7.07107, threshold=6 -> FAILED (dist > threshold)
613: [14.1477, 13.1315, -35.2365, 27.8188, -7.3619, -3.09834]
[RevRRT::dfsconfig_valid] dist=7.07107, threshold=6 -> FAILED (dist > threshold)
614: [13.3925, 11.4909, -36.3145, 28.9347, -9.44595, 1.79989]
615: [14.2429, 13.5327, -35.0677, 28.2487, -7.26461, -3.33235]
[RevRRT::dfsconfig_valid] dist=7.07107, threshold=6 -> FAILED (dist > threshold)
616: [10.8723, 13.6861, -54.2862, 28.2281, -6.23511, -10.974]
617: [13.4187, 13.764, -38.7447, 27.8202, -9.00892, 0.323468]
[RevRRT::dfsconfig_valid] dist=5, threshold=6 -> PASSED
[RevRRT::plan] Node #197 ACCEPTED and added to tree
Max volume so far: 242750
618: [10.933, 20.3553, -30.1429, 33.9439, -17.0518, -7.32312]
[RevRRT::dfsconfig_valid] dist=7.07107, threshold=6 -> FAILED (dist > threshold)
619: [11.8279, 18.0313, -70.2202, 33.7794, -22.9967, -12.5135]
[RevRRT::dfsconfig_valid] dist=5, threshold=6 -> PASSED
[RevRRT::plan] Node #198 ACCEPTED and added to tree
Max volume so far: 242750
620: [10.9949, 13.6805, -53.9731, 26.7748, -5.91594, -10.6643]
[RevRRT::dfsconfig_valid] dist=7.07107, threshold=6 -> FAILED (dist > threshold)
621: [11.0026, 20.8923, -29.6923, 34.4079, -17.0936, -6.37365]
[RevRRT::dfsconfig_valid] dist=0, threshold=6 -> PASSED
[RevRRT::plan] Node #199 ACCEPTED and added to tree
cluster points: 2207  cluster_vol: 275875
Debug time!
[10.523, 20.4218, -30.2811, 34.0548, -16.8292, -6.45911]
[10.1452, 20.335, -30.8837, 33.8112, -17.34, -6.05125]
[10.2026, 19.8442, -31.4043, 33.7958, -16.9619, -5.4668]
[9.93254, 19.1552, -31.6579, 33.5564, -16.5823, -5.89883]
[9.38115, 18.947, -32.3599, 33.2255, -16.3632, -5.84931]
[8.89676, 18.4985, -32.8546, 33.6205, -16.0605, -5.58135]
[9.0961, 18.1618, -33.6671, 33.3646, -16.3809, -5.44521]
[9.00112, 17.7242, -34.4624, 33.1999, -16.3361, -5.07374]
[8.64216, 17.8199, -35.1433, 33.3729, -15.8412, -5.42516]
[8.1065, 17.6433, -35.7796, 32.9667, -15.8765, -5.09237]
[7.97072, 17.2938, -36.5597, 33.2952, -15.5099, -4.99991]
[7.80475, 16.8776, -37.2571, 33.1129, -15.3297, -5.49698]
[8.06476, 17.2082, -37.7303, 32.7568, -14.9367, -6.06088]
[8.02215, 16.976, -38.4905, 32.5832, -14.5615, -5.61886]
[8.27456, 16.772, -39.281, 32.7053, -14.7706, -5.15926]
[8.19874, 16.9177, -40.0655, 32.4421, -14.2473, -5.03899]
[8.1282, 16.4377, -40.4278, 32.012, -13.6436, -5.32873]
[8.08824, 16.671, -41.2596, 31.807, -14.0672, -5.50366]
[8.67732, 16.4049, -41.7552, 31.5555, -13.9053, -5.00652]
[8.55562, 16.0241, -42.4424, 31.3612, -13.5395, -4.56342]
[8.75222, 15.7887, -43.0972, 31.5083, -13.0838, -4.0656]
[9.17735, 15.3278, -43.413, 31.4985, -13.7015, -3.7115]
[9.17851, 14.9376, -44.0891, 31.6783, -13.8499, -4.29147]
[9.22862, 15.2436, -44.9106, 31.6885, -14.1431, -3.9134]
[8.89366, 15.3377, -45.5333, 31.7755, -14.7428, -3.56135]
[8.41463, 15.2005, -46.3359, 31.5682, -14.7836, -3.31042]
[8.46271, 14.7478, -47.1487, 31.5979, -14.5812, -3.61075]
[8.6993, 14.2312, -47.8843, 31.9178, -14.5234, -3.43645]
[9.25114, 14.0435, -48.4865, 31.6507, -14.7094, -3.87426]
[8.92289, 13.5527, -48.6517, 31.8552, -14.9711, -4.591]
[9.26931, 13.7766, -49.43, 32.0678, -15.3913, -4.54157]
[9.11951, 13.383, -50.1834, 32.5221, -15.2141, -4.4101]
[8.70926, 13.8973, -50.8843, 32.7631, -15.0935, -4.46798]
[8.96307, 13.9275, -51.605, 32.4354, -15.1873, -5.01478]
[8.76105, 13.9968, -52.3934, 32.3612, -15.7552, -5.08472]
[9.02521, 14.1715, -53.2931, 32.5919, -15.7305, -5.27535]
[8.90171, 13.5793, -53.693, 32.9336, -15.4919, -5.82356]
[9.37862, 13.4392, -54.2797, 32.6191, -15.8876, -6.21491]
[9.67146, 13.3849, -54.5221, 32.1607, -15.9778, -7.01133]
[9.21826, 13.7885, -55.1771, 31.8784, -15.6272, -7.00309]
[9.30247, 14.2522, -55.9236, 31.8012, -16.0708, -7.13689]
[9.78439, 14.2382, -56.5518, 31.5907, -16.6026, -6.92295]
[10.3481, 14.2151, -56.9544, 31.3671, -17.0669, -6.41889]
[9.86797, 13.6152, -57.5398, 31.457, -17.1545, -6.19265]
[10.1842, 13.2376, -57.8464, 31.1144, -17.8044, -5.84086]
[9.90469, 13.2609, -58.654, 31.4505, -17.5723, -5.521]
[10.2242, 12.9598, -59.1467, 31.1388, -18.1867, -5.22139]
[9.99148, 13.4818, -59.4957, 31.6979, -18.512, -4.85654]
[10.1998, 13.355, -60.2702, 31.7638, -18.7627, -5.37956]
[10.0237, 13.4663, -60.8329, 32.0109, -19.4384, -5.72928]
[9.59431, 13.0456, -61.3926, 32.1422, -19.9838, -5.62626]
[9.91641, 12.8039, -61.5479, 32.5633, -20.4994, -6.23505]
[9.53257, 12.7398, -61.6157, 33.0039, -20.7737, -6.99309]
[9.88281, 12.9935, -61.9555, 33.6715, -21.2121, -7.23728]
[9.59353, 12.7703, -62.4199, 33.2594, -21.8183, -7.57416]
[9.81324, 13.294, -62.9089, 32.8156, -22.0319, -8.01665]
[9.56045, 13.9123, -63.5185, 33.0534, -22.3717, -7.9161]
[9.89583, 13.8643, -64.2102, 33.3341, -22.8631, -8.2104]
[9.92777, 14.5682, -64.7858, 33.55, -22.9931, -8.54005]
[9.56439, 15.1375, -64.9727, 33.3096, -23.5514, -8.91367]
[9.38445, 15.7539, -65.595, 33.1208, -23.7746, -9.25262]
[9.46109, 16.3991, -65.5902, 32.7261, -24.372, -9.50772]
[9.79619, 16.2261, -66.2959, 32.7182, -24.3367, -10.1064]
[9.91942, 16.3353, -66.6469, 33.2426, -24.438, -10.8576]
[9.5238, 16.7152, -67.4237, 33.0092, -24.6409, -10.8625]
[9.35306, 16.4355, -68.2893, 33.0151, -24.2623, -10.8675]
[9.81923, 16.7153, -68.6759, 33.5642, -23.9242, -11.2404]
[10.0222, 16.3047, -69.2426, 33.4151, -24.4782, -11.6143]
[10.4466, 16.6475, -69.9753, 33.7195, -24.3001, -11.8172]
[10.1166, 16.3499, -70.6929, 34.0726, -24.6917, -11.9151]
[10.1884, 16.7134, -70.7029, 34.6715, -25.2587, -11.4879]
[9.65727, 17.0203, -70.9496, 34.2476, -25.8195, -11.7499]
[9.27077, 17.5567, -71.0252, 34.7473, -26.3711, -11.6944]
[9.09015, 17.8665, -71.6181, 34.674, -27.0249, -11.3993]
[8.74077, 18.0608, -72.2347, 35.1161, -27.0116, -11.9135]
[8.40051, 18.5995, -72.9736, 35.0718, -27.226, -11.9031]
[8.32741, 19.0733, -73.4579, 35.5741, -27.6805, -12.1801]
[8.14116, 19.2426, -73.8766, 36.052, -28.2111, -12.6814]
[7.87284, 19.315, -74.4748, 36.5021, -28.7127, -12.3486]
[7.08987, 19.6267, -74.3259, 36.2324, -28.5334, -11.9451]
[6.64619, 19.2753, -74.8801, 35.942, -29.0128, -11.7036]
[6.67047, 19.3185, -75.6528, 36.2761, -29.41, -11.3415]
[6.53493, 19.7937, -76.3114, 36.2008, -29.9717, -11.3719]
[6.43128, 20.3386, -76.2368, 35.7867, -30.1485, -12.0675]
[6.2735, 20.9568, -76.8609, 35.5911, -29.9755, -11.6998]
[5.84691, 21.3782, -77.5428, 35.3072, -29.7812, -11.9388]
[5.47507, 21.5555, -77.5495, 35.6193, -30.4814, -12.4313]
[4.80717, 21.486, -77.4706, 35.98, -31.1115, -12.5567]
[4.5288, 22.0436, -77.9157, 36.1095, -31.5967, -12.1551]
[4.26157, 22.2983, -78.6954, 36.2858, -31.8475, -11.7531]
[4.06463, 22.4599, -79.2503, 35.9697, -32.5628, -11.8785]
[3.67447, 22.2595, -79.9138, 36.3155, -32.8226, -12.3029]
[3.70178, 22.4696, -80.3889, 35.9388, -33.2746, -12.922]
[3.53249, 21.9663, -80.8903, 36.5237, -33.5327, -13.1629]
[3.30952, 22.4428, -81.3586, 36.679, -34.195, -12.9599]
[3.01572, 22.5063, -81.8452, 36.892, -34.8957, -13.3294]
[2.591, 23.0755, -82.2238, 36.7554, -35.4728, -13.3087]
[2.68506, 23.0646, -82.9621, 37.0092, -36.0481, -13.0836]
[2.41988, 23.9009, -83.3518, 36.7864, -36.0246, -13.2515]
[2.14123, 24.4042, -83.8318, 36.6672, -36.2996, -13.8421]
[1.96026, 24.907, -84.0321, 36.652, -37.0032, -13.4188]
[1.661, 25.4045, -84.0553, 36.6647, -37.7851, -13.6443]
[1.35786, 25.9107, -84.7842, 36.8053, -37.6907, -13.3411]
[1.20734, 25.6156, -85.6281, 36.6815, -37.5861, -13.7308]
[0.78288, 26.1323, -86.0515, 37.2394, -37.3679, -13.8517]
[1.15379, 26.434, -86.5224, 37.3447, -38.0266, -13.528]
[0.641909, 26.8455, -86.681, 37.1739, -38.7296, -13.6694]
[0.454328, 27.1252, -87.1173, 36.9295, -39.1839, -14.3251]
[0.631067, 27.337, -87.5786, 36.6658, -39.6724, -14.96]
[0.555595, 27.5797, -88.5218, 36.5324, -39.8374, -14.9888]
[0.463225, 27.5934, -89.2288, 36.2492, -40.4349, -15.2217]
[0.284169, 27.8987, -90.0714, 36.0439, -40.6135, -14.9205]
[0.167826, 28.2519, -90.8525, 36.0442, -41.0437, -15.1784]
[0.279531, 28.6244, -91.3005, 36.2397, -41.7077, -15.5895]
[-0.0244436, 28.4337, -92.0582, 36.2235, -42.2523, -15.5791]
[-0.01935, 28.6396, -92.4188, 36.8199, -42.9167, -15.4046]
[-0.556847, 28.4729, -92.883, 36.9578, -43.422, -14.9646]
[-0.982422, 28.9665, -93.5844, 36.9918, -43.1618, -14.8446]
[-0.807928, 29.6078, -94.2918, 36.7738, -43.0694, -14.8872]
395.937562[s]
11.00261, 20.89232, -29.69227, 34.40788, -17.09364, -6.37365, 
10.52297, 20.42176, -30.28106, 34.05484, -16.82924, -6.45911, 
10.14524, 20.33501, -30.88375, 33.81119, -17.33998, -6.05125, 
10.20263, 19.84415, -31.40432, 33.79577, -16.96190, -5.46680, 
9.93254, 19.15515, -31.65791, 33.55640, -16.58233, -5.89883, 
9.38115, 18.94703, -32.35986, 33.22555, -16.36323, -5.84931, 
8.89676, 18.49854, -32.85462, 33.62048, -16.06049, -5.58135, 
9.09610, 18.16180, -33.66712, 33.36458, -16.38094, -5.44521, 
9.00112, 17.72425, -34.46237, 33.19993, -16.33611, -5.07374, 
8.64216, 17.81990, -35.14329, 33.37288, -15.84119, -5.42516, 
8.10650, 17.64334, -35.77961, 32.96669, -15.87654, -5.09237, 
7.97072, 17.29382, -36.55967, 33.29518, -15.50987, -4.99991, 
7.80475, 16.87759, -37.25712, 33.11288, -15.32966, -5.49698, 
8.06476, 17.20816, -37.73029, 32.75677, -14.93669, -6.06088, 
8.02215, 16.97595, -38.49054, 32.58323, -14.56149, -5.61886, 
8.27456, 16.77202, -39.28100, 32.70528, -14.77064, -5.15926, 
8.19874, 16.91775, -40.06546, 32.44205, -14.24730, -5.03899, 
8.12820, 16.43772, -40.42778, 32.01197, -13.64364, -5.32873, 
8.08824, 16.67095, -41.25965, 31.80703, -14.06720, -5.50366, 
8.67732, 16.40492, -41.75519, 31.55545, -13.90531, -5.00652, 
8.55562, 16.02409, -42.44238, 31.36117, -13.53946, -4.56342, 
8.75222, 15.78873, -43.09724, 31.50828, -13.08377, -4.06560, 
9.17735, 15.32776, -43.41302, 31.49848, -13.70148, -3.71150, 
9.17851, 14.93764, -44.08910, 31.67826, -13.84989, -4.29147, 
9.22862, 15.24359, -44.91063, 31.68854, -14.14306, -3.91340, 
8.89366, 15.33773, -45.53333, 31.77548, -14.74279, -3.56135, 
8.41463, 15.20050, -46.33589, 31.56823, -14.78362, -3.31042, 
8.46271, 14.74783, -47.14874, 31.59785, -14.58117, -3.61075, 
8.69930, 14.23122, -47.88432, 31.91775, -14.52338, -3.43645, 
9.25114, 14.04352, -48.48654, 31.65072, -14.70936, -3.87426, 
8.92289, 13.55271, -48.65173, 31.85524, -14.97111, -4.59100, 
9.26931, 13.77657, -49.43002, 32.06778, -15.39125, -4.54157, 
9.11951, 13.38302, -50.18341, 32.52211, -15.21411, -4.41010, 
8.70926, 13.89725, -50.88431, 32.76315, -15.09346, -4.46798, 
8.96307, 13.92749, -51.60504, 32.43541, -15.18730, -5.01478, 
8.76105, 13.99676, -52.39341, 32.36120, -15.75517, -5.08472, 
9.02521, 14.17153, -53.29312, 32.59193, -15.73051, -5.27535, 
8.90171, 13.57933, -53.69297, 32.93356, -15.49192, -5.82356, 
9.37862, 13.43919, -54.27973, 32.61912, -15.88765, -6.21491, 
9.67146, 13.38489, -54.52209, 32.16070, -15.97777, -7.01133, 
9.21826, 13.78851, -55.17712, 31.87842, -15.62722, -7.00309, 
9.30247, 14.25222, -55.92361, 31.80120, -16.07080, -7.13689, 
9.78439, 14.23818, -56.55179, 31.59066, -16.60263, -6.92295, 
10.34807, 14.21508, -56.95437, 31.36705, -17.06694, -6.41889, 
9.86797, 13.61519, -57.53977, 31.45703, -17.15454, -6.19265, 
10.18416, 13.23761, -57.84639, 31.11435, -17.80435, -5.84086, 
9.90469, 13.26092, -58.65399, 31.45046, -17.57229, -5.52100, 
10.22424, 12.95979, -59.14669, 31.13879, -18.18674, -5.22139, 
9.99148, 13.48179, -59.49573, 31.69789, -18.51201, -4.85654, 
10.19983, 13.35496, -60.27018, 31.76378, -18.76273, -5.37956, 
10.02366, 13.46632, -60.83286, 32.01094, -19.43841, -5.72928, 
9.59431, 13.04558, -61.39258, 32.14224, -19.98385, -5.62626, 
9.91641, 12.80395, -61.54788, 32.56332, -20.49942, -6.23505, 
9.53257, 12.73981, -61.61565, 33.00389, -20.77371, -6.99309, 
9.88281, 12.99349, -61.95549, 33.67147, -21.21210, -7.23728, 
9.59353, 12.77031, -62.41990, 33.25938, -21.81834, -7.57416, 
9.81324, 13.29398, -62.90893, 32.81557, -22.03187, -8.01665, 
9.56045, 13.91228, -63.51851, 33.05344, -22.37174, -7.91610, 
9.89583, 13.86433, -64.21018, 33.33413, -22.86308, -8.21040, 
9.92777, 14.56825, -64.78577, 33.55001, -22.99313, -8.54005, 
9.56439, 15.13747, -64.97269, 33.30961, -23.55135, -8.91367, 
9.38445, 15.75389, -65.59502, 33.12080, -23.77455, -9.25262, 
9.46109, 16.39911, -65.59016, 32.72614, -24.37201, -9.50772, 
9.79619, 16.22610, -66.29590, 32.71815, -24.33673, -10.10638, 
9.91942, 16.33531, -66.64689, 33.24263, -24.43799, -10.85763, 
9.52380, 16.71520, -67.42373, 33.00921, -24.64094, -10.86254, 
9.35306, 16.43550, -68.28930, 33.01506, -24.26234, -10.86753, 
9.81923, 16.71534, -68.67586, 33.56423, -23.92418, -11.24038, 
10.02221, 16.30465, -69.24262, 33.41512, -24.47817, -11.61426, 
10.44659, 16.64750, -69.97530, 33.71949, -24.30006, -11.81720, 
10.11665, 16.34987, -70.69289, 34.07260, -24.69166, -11.91506, 
10.18844, 16.71339, -70.70292, 34.67149, -25.25867, -11.48794, 
9.65727, 17.02029, -70.94958, 34.24759, -25.81946, -11.74993, 
9.27077, 17.55674, -71.02515, 34.74735, -26.37108, -11.69440, 
9.09015, 17.86651, -71.61806, 34.67405, -27.02486, -11.39930, 
8.74077, 18.06079, -72.23469, 35.11607, -27.01157, -11.91350, 
8.40051, 18.59946, -72.97362, 35.07178, -27.22597, -11.90310, 
8.32741, 19.07327, -73.45788, 35.57409, -27.68052, -12.18009, 
8.14116, 19.24264, -73.87659, 36.05202, -28.21111, -12.68144, 
7.87284, 19.31499, -74.47476, 36.50209, -28.71272, -12.34859, 
7.08987, 19.62668, -74.32587, 36.23242, -28.53343, -11.94513, 
6.64619, 19.27526, -74.88008, 35.94195, -29.01280, -11.70362, 
6.67047, 19.31849, -75.65278, 36.27606, -29.40998, -11.34154, 
6.53493, 19.79367, -76.31136, 36.20083, -29.97171, -11.37188, 
6.43128, 20.33862, -76.23678, 35.78670, -30.14854, -12.06754, 
6.27350, 20.95677, -76.86094, 35.59114, -29.97548, -11.69980, 
5.84691, 21.37821, -77.54281, 35.30724, -29.78119, -11.93878, 
5.47507, 21.55552, -77.54950, 35.61932, -30.48139, -12.43129, 
4.80717, 21.48600, -77.47059, 35.97995, -31.11153, -12.55671, 
4.52880, 22.04362, -77.91566, 36.10948, -31.59673, -12.15511, 
4.26157, 22.29833, -78.69545, 36.28584, -31.84753, -11.75306, 
4.06463, 22.45992, -79.25027, 35.96969, -32.56278, -11.87846, 
3.67447, 22.25954, -79.91385, 36.31553, -32.82259, -12.30294, 
3.70178, 22.46956, -80.38885, 35.93885, -33.27462, -12.92205, 
3.53249, 21.96632, -80.89029, 36.52367, -33.53272, -13.16293, 
3.30952, 22.44275, -81.35858, 36.67896, -34.19503, -12.95987, 
3.01572, 22.50625, -81.84515, 36.89198, -34.89569, -13.32945, 
2.59100, 23.07553, -82.22377, 36.75543, -35.47284, -13.30866, 
2.68506, 23.06462, -82.96206, 37.00917, -36.04813, -13.08363, 
2.41988, 23.90093, -83.35179, 36.78636, -36.02463, -13.25146, 
2.14123, 24.40419, -83.83182, 36.66717, -36.29965, -13.84208, 
1.96026, 24.90700, -84.03210, 36.65201, -37.00316, -13.41881, 
1.66100, 25.40454, -84.05534, 36.66468, -37.78505, -13.64432, 
1.35786, 25.91073, -84.78422, 36.80527, -37.69075, -13.34108, 
1.20734, 25.61556, -85.62805, 36.68151, -37.58607, -13.73082, 
0.78288, 26.13228, -86.05155, 37.23943, -37.36791, -13.85170, 
1.15379, 26.43397, -86.52243, 37.34471, -38.02657, -13.52804, 
0.64191, 26.84553, -86.68100, 37.17385, -38.72963, -13.66935, 
0.45433, 27.12522, -87.11733, 36.92946, -39.18395, -14.32515, 
0.63107, 27.33705, -87.57864, 36.66581, -39.67241, -14.95996, 
0.55560, 27.57970, -88.52180, 36.53236, -39.83743, -14.98878, 
0.46322, 27.59336, -89.22882, 36.24925, -40.43492, -15.22171, 
0.28417, 27.89866, -90.07142, 36.04392, -40.61346, -14.92051, 
0.16783, 28.25191, -90.85246, 36.04417, -41.04374, -15.17841, 
0.27953, 28.62443, -91.30046, 36.23965, -41.70770, -15.58949, 
-0.02444, 28.43369, -92.05825, 36.22349, -42.25232, -15.57913, 
-0.01935, 28.63958, -92.41881, 36.81988, -42.91674, -15.40463, 
-0.55685, 28.47293, -92.88297, 36.95782, -43.42197, -14.96464, 
-0.98242, 28.96652, -93.58440, 36.99183, -43.16181, -14.84457, 
-0.80793, 29.60780, -94.29180, 36.77380, -43.06940, -14.88720, 
[INFO] writing 120 rows to ../ICM_Log/path/2026-February20-08:40:47.csv
